p1_agent,p1_params,p1_label,p2_agent,p2_params,p2_label,games,p1_wins,p2_wins,draws,p1_winrate,p2_winrate,time_s,file
Random,{},Random,Random,{},Random,50,31,19,0,0.62,0.38,0.03,sweep_results/Random_vs_Random.txt
Random,{},Random,RuleBased,{},RuleBased,50,0,50,0,0.0,1.0,0.6,sweep_results/Random_vs_RuleBased.txt
Random,{},Random,MinMax,{'max_depth': 1},MinMax[max_depth=1],50,1,49,0,0.02,0.98,0.46,sweep_results/Random_vs_MinMax[max_depth=1].txt
Random,{},Random,MinMax,{'max_depth': 2},MinMax[max_depth=2],50,1,49,0,0.02,0.98,4.97,sweep_results/Random_vs_MinMax[max_depth=2].txt
Random,{},Random,MinMax,{'max_depth': 3},MinMax[max_depth=3],50,0,50,0,0.0,1.0,21.32,sweep_results/Random_vs_MinMax[max_depth=3].txt
Random,{},Random,MinMax,{'max_depth': 4},MinMax[max_depth=4],50,0,50,0,0.0,1.0,98.87,sweep_results/Random_vs_MinMax[max_depth=4].txt
Random,{},Random,MinMax,{'max_depth': 5},MinMax[max_depth=5],50,0,50,0,0.0,1.0,373.67,sweep_results/Random_vs_MinMax[max_depth=5].txt
Random,{},Random,MinMax,{'max_depth': 6},MinMax[max_depth=6],50,0,50,0,0.0,1.0,1490.44,sweep_results/Random_vs_MinMax[max_depth=6].txt
Random,{},Random,AlphaBeta,{'max_depth': 1},AlphaBeta[max_depth=1],50,0,50,0,0.0,1.0,0.54,sweep_results/Random_vs_AlphaBeta[max_depth=1].txt
Random,{},Random,AlphaBeta,{'max_depth': 2},AlphaBeta[max_depth=2],50,0,50,0,0.0,1.0,1.96,sweep_results/Random_vs_AlphaBeta[max_depth=2].txt
Random,{},Random,AlphaBeta,{'max_depth': 3},AlphaBeta[max_depth=3],50,0,50,0,0.0,1.0,5.29,sweep_results/Random_vs_AlphaBeta[max_depth=3].txt
Random,{},Random,AlphaBeta,{'max_depth': 4},AlphaBeta[max_depth=4],50,0,50,0,0.0,1.0,16.12,sweep_results/Random_vs_AlphaBeta[max_depth=4].txt
Random,{},Random,AlphaBeta,{'max_depth': 5},AlphaBeta[max_depth=5],50,0,50,0,0.0,1.0,41.29,sweep_results/Random_vs_AlphaBeta[max_depth=5].txt
Random,{},Random,AlphaBeta,{'max_depth': 6},AlphaBeta[max_depth=6],50,0,50,0,0.0,1.0,110.35,sweep_results/Random_vs_AlphaBeta[max_depth=6].txt
Random,{},Random,MCTS,{'max_iterations': 5000},MCTS[max_iterations=5000],50,1,49,0,0.02,0.98,1446.33,sweep_results/Random_vs_MCTS[max_iterations=5000].txt
Random,{},Random,MCTS,{'max_iterations': 10000},MCTS[max_iterations=10000],50,3,46,1,0.06,0.92,2265.01,sweep_results/Random_vs_MCTS[max_iterations=10000].txt
Random,{},Random,MCTS,{'max_iterations': 15000},MCTS[max_iterations=15000],50,3,47,0,0.06,0.94,3057.84,sweep_results/Random_vs_MCTS[max_iterations=15000].txt
Random,{},Random,MCTS,{'max_iterations': 20000},MCTS[max_iterations=20000],50,3,46,1,0.06,0.92,4292.29,sweep_results/Random_vs_MCTS[max_iterations=20000].txt
Random,{},Random,DQN,{'model_path': 'checkpoints/dqn_final.pth'},DQN[model_path=checkpoints/dqn_final.pth],50,19,31,0,0.38,0.62,2.22,sweep_results/Random_vs_DQN[model_path=checkpoints-dqn_final.pth].txt
RuleBased,{},RuleBased,Random,{},Random,50,50,0,0,1.0,0.0,0.47,sweep_results/RuleBased_vs_Random.txt
RuleBased,{},RuleBased,RuleBased,{},RuleBased,50,0,0,50,0.0,0.0,2.96,sweep_results/RuleBased_vs_RuleBased.txt
RuleBased,{},RuleBased,MinMax,{'max_depth': 1},MinMax[max_depth=1],50,50,0,0,1.0,0.0,0.57,sweep_results/RuleBased_vs_MinMax[max_depth=1].txt
RuleBased,{},RuleBased,MinMax,{'max_depth': 2},MinMax[max_depth=2],50,0,50,0,0.0,1.0,10.47,sweep_results/RuleBased_vs_MinMax[max_depth=2].txt
RuleBased,{},RuleBased,MinMax,{'max_depth': 3},MinMax[max_depth=3],50,0,50,0,0.0,1.0,39.89,sweep_results/RuleBased_vs_MinMax[max_depth=3].txt
RuleBased,{},RuleBased,MinMax,{'max_depth': 4},MinMax[max_depth=4],50,0,50,0,0.0,1.0,182.37,sweep_results/RuleBased_vs_MinMax[max_depth=4].txt
RuleBased,{},RuleBased,MinMax,{'max_depth': 5},MinMax[max_depth=5],50,0,50,0,0.0,1.0,631.12,sweep_results/RuleBased_vs_MinMax[max_depth=5].txt
RuleBased,{},RuleBased,MinMax,{'max_depth': 6},MinMax[max_depth=6],50,0,50,0,0.0,1.0,2303.72,sweep_results/RuleBased_vs_MinMax[max_depth=6].txt
RuleBased,{},RuleBased,AlphaBeta,{'max_depth': 1},AlphaBeta[max_depth=1],50,50,0,0,1.0,0.0,0.56,sweep_results/RuleBased_vs_AlphaBeta[max_depth=1].txt
RuleBased,{},RuleBased,AlphaBeta,{'max_depth': 2},AlphaBeta[max_depth=2],50,0,50,0,0.0,1.0,5.09,sweep_results/RuleBased_vs_AlphaBeta[max_depth=2].txt
RuleBased,{},RuleBased,AlphaBeta,{'max_depth': 3},AlphaBeta[max_depth=3],50,0,50,0,0.0,1.0,12.05,sweep_results/RuleBased_vs_AlphaBeta[max_depth=3].txt
RuleBased,{},RuleBased,AlphaBeta,{'max_depth': 4},AlphaBeta[max_depth=4],50,0,50,0,0.0,1.0,33.74,sweep_results/RuleBased_vs_AlphaBeta[max_depth=4].txt
RuleBased,{},RuleBased,AlphaBeta,{'max_depth': 5},AlphaBeta[max_depth=5],50,0,50,0,0.0,1.0,90.57,sweep_results/RuleBased_vs_AlphaBeta[max_depth=5].txt
RuleBased,{},RuleBased,AlphaBeta,{'max_depth': 6},AlphaBeta[max_depth=6],50,0,50,0,0.0,1.0,284.89,sweep_results/RuleBased_vs_AlphaBeta[max_depth=6].txt
RuleBased,{},RuleBased,MCTS,{'max_iterations': 5000},MCTS[max_iterations=5000],50,42,8,0,0.84,0.16,1236.26,sweep_results/RuleBased_vs_MCTS[max_iterations=5000].txt
RuleBased,{},RuleBased,MCTS,{'max_iterations': 10000},MCTS[max_iterations=10000],50,40,6,4,0.8,0.12,2416.6,sweep_results/RuleBased_vs_MCTS[max_iterations=10000].txt
RuleBased,{},RuleBased,MCTS,{'max_iterations': 15000},MCTS[max_iterations=15000],50,44,3,3,0.88,0.06,2765.78,sweep_results/RuleBased_vs_MCTS[max_iterations=15000].txt
RuleBased,{},RuleBased,MCTS,{'max_iterations': 20000},MCTS[max_iterations=20000],50,39,9,2,0.78,0.18,4160.67,sweep_results/RuleBased_vs_MCTS[max_iterations=20000].txt
RuleBased,{},RuleBased,DQN,{'model_path': 'checkpoints/dqn_final.pth'},DQN[model_path=checkpoints/dqn_final.pth],50,50,0,0,1.0,0.0,1.75,sweep_results/RuleBased_vs_DQN[model_path=checkpoints-dqn_final.pth].txt
MinMax,{'max_depth': 1},MinMax[max_depth=1],Random,{},Random,50,50,0,0,1.0,0.0,0.44,sweep_results/MinMax[max_depth=1]_vs_Random.txt
MinMax,{'max_depth': 1},MinMax[max_depth=1],RuleBased,{},RuleBased,50,0,50,0,0.0,1.0,2.21,sweep_results/MinMax[max_depth=1]_vs_RuleBased.txt
MinMax,{'max_depth': 1},MinMax[max_depth=1],MinMax,{'max_depth': 1},MinMax[max_depth=1],50,50,0,0,1.0,0.0,0.56,sweep_results/MinMax[max_depth=1]_vs_MinMax[max_depth=1].txt
MinMax,{'max_depth': 1},MinMax[max_depth=1],MinMax,{'max_depth': 2},MinMax[max_depth=2],50,50,0,0,1.0,0.0,1.88,sweep_results/MinMax[max_depth=1]_vs_MinMax[max_depth=2].txt
MinMax,{'max_depth': 1},MinMax[max_depth=1],MinMax,{'max_depth': 3},MinMax[max_depth=3],50,0,50,0,0.0,1.0,29.11,sweep_results/MinMax[max_depth=1]_vs_MinMax[max_depth=3].txt
MinMax,{'max_depth': 1},MinMax[max_depth=1],MinMax,{'max_depth': 4},MinMax[max_depth=4],50,0,50,0,0.0,1.0,145.57,sweep_results/MinMax[max_depth=1]_vs_MinMax[max_depth=4].txt
MinMax,{'max_depth': 1},MinMax[max_depth=1],MinMax,{'max_depth': 5},MinMax[max_depth=5],50,0,50,0,0.0,1.0,547.83,sweep_results/MinMax[max_depth=1]_vs_MinMax[max_depth=5].txt
MinMax,{'max_depth': 1},MinMax[max_depth=1],MinMax,{'max_depth': 6},MinMax[max_depth=6],50,0,50,0,0.0,1.0,1925.85,sweep_results/MinMax[max_depth=1]_vs_MinMax[max_depth=6].txt
MinMax,{'max_depth': 1},MinMax[max_depth=1],AlphaBeta,{'max_depth': 1},AlphaBeta[max_depth=1],50,50,0,0,1.0,0.0,0.56,sweep_results/MinMax[max_depth=1]_vs_AlphaBeta[max_depth=1].txt
MinMax,{'max_depth': 1},MinMax[max_depth=1],AlphaBeta,{'max_depth': 2},AlphaBeta[max_depth=2],50,50,0,0,1.0,0.0,1.08,sweep_results/MinMax[max_depth=1]_vs_AlphaBeta[max_depth=2].txt
MinMax,{'max_depth': 1},MinMax[max_depth=1],AlphaBeta,{'max_depth': 3},AlphaBeta[max_depth=3],50,0,50,0,0.0,1.0,10.4,sweep_results/MinMax[max_depth=1]_vs_AlphaBeta[max_depth=3].txt
MinMax,{'max_depth': 1},MinMax[max_depth=1],AlphaBeta,{'max_depth': 4},AlphaBeta[max_depth=4],50,0,50,0,0.0,1.0,39.63,sweep_results/MinMax[max_depth=1]_vs_AlphaBeta[max_depth=4].txt
MinMax,{'max_depth': 1},MinMax[max_depth=1],AlphaBeta,{'max_depth': 5},AlphaBeta[max_depth=5],50,0,50,0,0.0,1.0,106.3,sweep_results/MinMax[max_depth=1]_vs_AlphaBeta[max_depth=5].txt
MinMax,{'max_depth': 1},MinMax[max_depth=1],AlphaBeta,{'max_depth': 6},AlphaBeta[max_depth=6],50,0,50,0,0.0,1.0,291.09,sweep_results/MinMax[max_depth=1]_vs_AlphaBeta[max_depth=6].txt
MinMax,{'max_depth': 1},MinMax[max_depth=1],MCTS,{'max_iterations': 5000},MCTS[max_iterations=5000],50,41,9,0,0.82,0.18,1528.69,sweep_results/MinMax[max_depth=1]_vs_MCTS[max_iterations=5000].txt
MinMax,{'max_depth': 1},MinMax[max_depth=1],MCTS,{'max_iterations': 10000},MCTS[max_iterations=10000],50,46,4,0,0.92,0.08,2562.21,sweep_results/MinMax[max_depth=1]_vs_MCTS[max_iterations=10000].txt
MinMax,{'max_depth': 1},MinMax[max_depth=1],MCTS,{'max_iterations': 15000},MCTS[max_iterations=15000],50,42,8,0,0.84,0.16,3507.95,sweep_results/MinMax[max_depth=1]_vs_MCTS[max_iterations=15000].txt
MinMax,{'max_depth': 1},MinMax[max_depth=1],MCTS,{'max_iterations': 20000},MCTS[max_iterations=20000],50,48,2,0,0.96,0.04,3846.04,sweep_results/MinMax[max_depth=1]_vs_MCTS[max_iterations=20000].txt
MinMax,{'max_depth': 1},MinMax[max_depth=1],DQN,{'model_path': 'checkpoints/dqn_final.pth'},DQN[model_path=checkpoints/dqn_final.pth],50,50,0,0,1.0,0.0,1.78,sweep_results/MinMax[max_depth=1]_vs_DQN[model_path=checkpoints-dqn_final.pth].txt
MinMax,{'max_depth': 2},MinMax[max_depth=2],Random,{},Random,50,50,0,0,1.0,0.0,4.72,sweep_results/MinMax[max_depth=2]_vs_Random.txt
MinMax,{'max_depth': 2},MinMax[max_depth=2],RuleBased,{},RuleBased,50,50,0,0,1.0,0.0,12.67,sweep_results/MinMax[max_depth=2]_vs_RuleBased.txt
MinMax,{'max_depth': 2},MinMax[max_depth=2],MinMax,{'max_depth': 1},MinMax[max_depth=1],50,50,0,0,1.0,0.0,5.84,sweep_results/MinMax[max_depth=2]_vs_MinMax[max_depth=1].txt
MinMax,{'max_depth': 2},MinMax[max_depth=2],MinMax,{'max_depth': 2},MinMax[max_depth=2],50,50,0,0,1.0,0.0,9.82,sweep_results/MinMax[max_depth=2]_vs_MinMax[max_depth=2].txt
MinMax,{'max_depth': 2},MinMax[max_depth=2],MinMax,{'max_depth': 3},MinMax[max_depth=3],50,0,50,0,0.0,1.0,52.09,sweep_results/MinMax[max_depth=2]_vs_MinMax[max_depth=3].txt
MinMax,{'max_depth': 2},MinMax[max_depth=2],MinMax,{'max_depth': 4},MinMax[max_depth=4],50,0,50,0,0.0,1.0,145.04,sweep_results/MinMax[max_depth=2]_vs_MinMax[max_depth=4].txt
MinMax,{'max_depth': 2},MinMax[max_depth=2],MinMax,{'max_depth': 5},MinMax[max_depth=5],50,50,0,0,1.0,0.0,554.29,sweep_results/MinMax[max_depth=2]_vs_MinMax[max_depth=5].txt
MinMax,{'max_depth': 2},MinMax[max_depth=2],MinMax,{'max_depth': 6},MinMax[max_depth=6],50,0,50,0,0.0,1.0,2090.9,sweep_results/MinMax[max_depth=2]_vs_MinMax[max_depth=6].txt
MinMax,{'max_depth': 2},MinMax[max_depth=2],AlphaBeta,{'max_depth': 1},AlphaBeta[max_depth=1],50,50,0,0,1.0,0.0,5.87,sweep_results/MinMax[max_depth=2]_vs_AlphaBeta[max_depth=1].txt
MinMax,{'max_depth': 2},MinMax[max_depth=2],AlphaBeta,{'max_depth': 2},AlphaBeta[max_depth=2],50,50,0,0,1.0,0.0,7.04,sweep_results/MinMax[max_depth=2]_vs_AlphaBeta[max_depth=2].txt
MinMax,{'max_depth': 2},MinMax[max_depth=2],AlphaBeta,{'max_depth': 3},AlphaBeta[max_depth=3],50,0,50,0,0.0,1.0,29.77,sweep_results/MinMax[max_depth=2]_vs_AlphaBeta[max_depth=3].txt
MinMax,{'max_depth': 2},MinMax[max_depth=2],AlphaBeta,{'max_depth': 4},AlphaBeta[max_depth=4],50,0,50,0,0.0,1.0,39.82,sweep_results/MinMax[max_depth=2]_vs_AlphaBeta[max_depth=4].txt
MinMax,{'max_depth': 2},MinMax[max_depth=2],AlphaBeta,{'max_depth': 5},AlphaBeta[max_depth=5],50,50,0,0,1.0,0.0,100.2,sweep_results/MinMax[max_depth=2]_vs_AlphaBeta[max_depth=5].txt
MinMax,{'max_depth': 2},MinMax[max_depth=2],AlphaBeta,{'max_depth': 6},AlphaBeta[max_depth=6],50,0,50,0,0.0,1.0,368.98,sweep_results/MinMax[max_depth=2]_vs_AlphaBeta[max_depth=6].txt
MinMax,{'max_depth': 2},MinMax[max_depth=2],MCTS,{'max_iterations': 5000},MCTS[max_iterations=5000],50,49,1,0,0.98,0.02,1882.96,sweep_results/MinMax[max_depth=2]_vs_MCTS[max_iterations=5000].txt
MinMax,{'max_depth': 2},MinMax[max_depth=2],MCTS,{'max_iterations': 10000},MCTS[max_iterations=10000],50,45,5,0,0.9,0.1,3144.97,sweep_results/MinMax[max_depth=2]_vs_MCTS[max_iterations=10000].txt
MinMax,{'max_depth': 2},MinMax[max_depth=2],MCTS,{'max_iterations': 15000},MCTS[max_iterations=15000],50,44,6,0,0.88,0.12,4093.9,sweep_results/MinMax[max_depth=2]_vs_MCTS[max_iterations=15000].txt
MinMax,{'max_depth': 2},MinMax[max_depth=2],MCTS,{'max_iterations': 20000},MCTS[max_iterations=20000],50,42,8,0,0.84,0.16,5030.59,sweep_results/MinMax[max_depth=2]_vs_MCTS[max_iterations=20000].txt
MinMax,{'max_depth': 2},MinMax[max_depth=2],DQN,{'model_path': 'checkpoints/dqn_final.pth'},DQN[model_path=checkpoints/dqn_final.pth],50,50,0,0,1.0,0.0,12.17,sweep_results/MinMax[max_depth=2]_vs_DQN[model_path=checkpoints-dqn_final.pth].txt
MinMax,{'max_depth': 3},MinMax[max_depth=3],Random,{},Random,50,50,0,0,1.0,0.0,19.71,sweep_results/MinMax[max_depth=3]_vs_Random.txt
MinMax,{'max_depth': 3},MinMax[max_depth=3],RuleBased,{},RuleBased,50,50,0,0,1.0,0.0,45.15,sweep_results/MinMax[max_depth=3]_vs_RuleBased.txt
MinMax,{'max_depth': 3},MinMax[max_depth=3],MinMax,{'max_depth': 1},MinMax[max_depth=1],50,50,0,0,1.0,0.0,18.12,sweep_results/MinMax[max_depth=3]_vs_MinMax[max_depth=1].txt
MinMax,{'max_depth': 3},MinMax[max_depth=3],MinMax,{'max_depth': 2},MinMax[max_depth=2],50,50,0,0,1.0,0.0,20.76,sweep_results/MinMax[max_depth=3]_vs_MinMax[max_depth=2].txt
MinMax,{'max_depth': 3},MinMax[max_depth=3],MinMax,{'max_depth': 3},MinMax[max_depth=3],50,0,50,0,0.0,1.0,79.31,sweep_results/MinMax[max_depth=3]_vs_MinMax[max_depth=3].txt
MinMax,{'max_depth': 3},MinMax[max_depth=3],MinMax,{'max_depth': 4},MinMax[max_depth=4],50,50,0,0,1.0,0.0,209.82,sweep_results/MinMax[max_depth=3]_vs_MinMax[max_depth=4].txt
MinMax,{'max_depth': 3},MinMax[max_depth=3],MinMax,{'max_depth': 5},MinMax[max_depth=5],50,50,0,0,1.0,0.0,587.33,sweep_results/MinMax[max_depth=3]_vs_MinMax[max_depth=5].txt
MinMax,{'max_depth': 3},MinMax[max_depth=3],MinMax,{'max_depth': 6},MinMax[max_depth=6],50,0,50,0,0.0,1.0,2046.75,sweep_results/MinMax[max_depth=3]_vs_MinMax[max_depth=6].txt
MinMax,{'max_depth': 3},MinMax[max_depth=3],AlphaBeta,{'max_depth': 1},AlphaBeta[max_depth=1],50,50,0,0,1.0,0.0,18.2,sweep_results/MinMax[max_depth=3]_vs_AlphaBeta[max_depth=1].txt
MinMax,{'max_depth': 3},MinMax[max_depth=3],AlphaBeta,{'max_depth': 2},AlphaBeta[max_depth=2],50,50,0,0,1.0,0.0,18.84,sweep_results/MinMax[max_depth=3]_vs_AlphaBeta[max_depth=2].txt
MinMax,{'max_depth': 3},MinMax[max_depth=3],AlphaBeta,{'max_depth': 3},AlphaBeta[max_depth=3],50,0,50,0,0.0,1.0,55.96,sweep_results/MinMax[max_depth=3]_vs_AlphaBeta[max_depth=3].txt
MinMax,{'max_depth': 3},MinMax[max_depth=3],AlphaBeta,{'max_depth': 4},AlphaBeta[max_depth=4],50,50,0,0,1.0,0.0,83.87,sweep_results/MinMax[max_depth=3]_vs_AlphaBeta[max_depth=4].txt
MinMax,{'max_depth': 3},MinMax[max_depth=3],AlphaBeta,{'max_depth': 5},AlphaBeta[max_depth=5],50,50,0,0,1.0,0.0,141.26,sweep_results/MinMax[max_depth=3]_vs_AlphaBeta[max_depth=5].txt
MinMax,{'max_depth': 3},MinMax[max_depth=3],AlphaBeta,{'max_depth': 6},AlphaBeta[max_depth=6],50,0,50,0,0.0,1.0,386.52,sweep_results/MinMax[max_depth=3]_vs_AlphaBeta[max_depth=6].txt
MinMax,{'max_depth': 3},MinMax[max_depth=3],MCTS,{'max_iterations': 5000},MCTS[max_iterations=5000],50,42,8,0,0.84,0.16,1770.37,sweep_results/MinMax[max_depth=3]_vs_MCTS[max_iterations=5000].txt
MinMax,{'max_depth': 3},MinMax[max_depth=3],MCTS,{'max_iterations': 10000},MCTS[max_iterations=10000],50,50,0,0,1.0,0.0,2910.97,sweep_results/MinMax[max_depth=3]_vs_MCTS[max_iterations=10000].txt
MinMax,{'max_depth': 3},MinMax[max_depth=3],MCTS,{'max_iterations': 15000},MCTS[max_iterations=15000],50,48,2,0,0.96,0.04,3813.25,sweep_results/MinMax[max_depth=3]_vs_MCTS[max_iterations=15000].txt
MinMax,{'max_depth': 3},MinMax[max_depth=3],MCTS,{'max_iterations': 20000},MCTS[max_iterations=20000],50,47,3,0,0.94,0.06,4545.19,sweep_results/MinMax[max_depth=3]_vs_MCTS[max_iterations=20000].txt
MinMax,{'max_depth': 3},MinMax[max_depth=3],DQN,{'model_path': 'checkpoints/dqn_final.pth'},DQN[model_path=checkpoints/dqn_final.pth],50,50,0,0,1.0,0.0,41.63,sweep_results/MinMax[max_depth=3]_vs_DQN[model_path=checkpoints-dqn_final.pth].txt
MinMax,{'max_depth': 4},MinMax[max_depth=4],Random,{},Random,50,50,0,0,1.0,0.0,84.17,sweep_results/MinMax[max_depth=4]_vs_Random.txt
MinMax,{'max_depth': 4},MinMax[max_depth=4],RuleBased,{},RuleBased,50,50,0,0,1.0,0.0,183.04,sweep_results/MinMax[max_depth=4]_vs_RuleBased.txt
MinMax,{'max_depth': 4},MinMax[max_depth=4],MinMax,{'max_depth': 1},MinMax[max_depth=1],50,50,0,0,1.0,0.0,77.95,sweep_results/MinMax[max_depth=4]_vs_MinMax[max_depth=1].txt
MinMax,{'max_depth': 4},MinMax[max_depth=4],MinMax,{'max_depth': 2},MinMax[max_depth=2],50,50,0,0,1.0,0.0,79.85,sweep_results/MinMax[max_depth=4]_vs_MinMax[max_depth=2].txt
MinMax,{'max_depth': 4},MinMax[max_depth=4],MinMax,{'max_depth': 3},MinMax[max_depth=3],50,50,0,0,1.0,0.0,90.12,sweep_results/MinMax[max_depth=4]_vs_MinMax[max_depth=3].txt
MinMax,{'max_depth': 4},MinMax[max_depth=4],MinMax,{'max_depth': 4},MinMax[max_depth=4],50,0,50,0,0.0,1.0,311.97,sweep_results/MinMax[max_depth=4]_vs_MinMax[max_depth=4].txt
MinMax,{'max_depth': 4},MinMax[max_depth=4],MinMax,{'max_depth': 5},MinMax[max_depth=5],50,0,50,0,0.0,1.0,708.77,sweep_results/MinMax[max_depth=4]_vs_MinMax[max_depth=5].txt
MinMax,{'max_depth': 4},MinMax[max_depth=4],MinMax,{'max_depth': 6},MinMax[max_depth=6],50,0,0,50,0.0,0.0,2295.57,sweep_results/MinMax[max_depth=4]_vs_MinMax[max_depth=6].txt
MinMax,{'max_depth': 4},MinMax[max_depth=4],AlphaBeta,{'max_depth': 1},AlphaBeta[max_depth=1],50,50,0,0,1.0,0.0,77.94,sweep_results/MinMax[max_depth=4]_vs_AlphaBeta[max_depth=1].txt
MinMax,{'max_depth': 4},MinMax[max_depth=4],AlphaBeta,{'max_depth': 2},AlphaBeta[max_depth=2],50,50,0,0,1.0,0.0,78.7,sweep_results/MinMax[max_depth=4]_vs_AlphaBeta[max_depth=2].txt
MinMax,{'max_depth': 4},MinMax[max_depth=4],AlphaBeta,{'max_depth': 3},AlphaBeta[max_depth=3],50,50,0,0,1.0,0.0,81.32,sweep_results/MinMax[max_depth=4]_vs_AlphaBeta[max_depth=3].txt
MinMax,{'max_depth': 4},MinMax[max_depth=4],AlphaBeta,{'max_depth': 4},AlphaBeta[max_depth=4],50,0,50,0,0.0,1.0,203.68,sweep_results/MinMax[max_depth=4]_vs_AlphaBeta[max_depth=4].txt
MinMax,{'max_depth': 4},MinMax[max_depth=4],AlphaBeta,{'max_depth': 5},AlphaBeta[max_depth=5],50,0,50,0,0.0,1.0,287.29,sweep_results/MinMax[max_depth=4]_vs_AlphaBeta[max_depth=5].txt
MinMax,{'max_depth': 4},MinMax[max_depth=4],AlphaBeta,{'max_depth': 6},AlphaBeta[max_depth=6],50,0,0,50,0.0,0.0,596.43,sweep_results/MinMax[max_depth=4]_vs_AlphaBeta[max_depth=6].txt
MinMax,{'max_depth': 4},MinMax[max_depth=4],MCTS,{'max_iterations': 5000},MCTS[max_iterations=5000],50,45,5,0,0.9,0.1,1853.31,sweep_results/MinMax[max_depth=4]_vs_MCTS[max_iterations=5000].txt
MinMax,{'max_depth': 4},MinMax[max_depth=4],MCTS,{'max_iterations': 10000},MCTS[max_iterations=10000],50,47,3,0,0.94,0.06,3022.18,sweep_results/MinMax[max_depth=4]_vs_MCTS[max_iterations=10000].txt
MinMax,{'max_depth': 4},MinMax[max_depth=4],MCTS,{'max_iterations': 15000},MCTS[max_iterations=15000],50,48,2,0,0.96,0.04,3876.37,sweep_results/MinMax[max_depth=4]_vs_MCTS[max_iterations=15000].txt
MinMax,{'max_depth': 4},MinMax[max_depth=4],MCTS,{'max_iterations': 20000},MCTS[max_iterations=20000],50,48,2,0,0.96,0.04,4704.86,sweep_results/MinMax[max_depth=4]_vs_MCTS[max_iterations=20000].txt
MinMax,{'max_depth': 4},MinMax[max_depth=4],DQN,{'model_path': 'checkpoints/dqn_final.pth'},DQN[model_path=checkpoints/dqn_final.pth],50,50,0,0,1.0,0.0,175.79,sweep_results/MinMax[max_depth=4]_vs_DQN[model_path=checkpoints-dqn_final.pth].txt
MinMax,{'max_depth': 5},MinMax[max_depth=5],Random,{},Random,50,50,0,0,1.0,0.0,359.41,sweep_results/MinMax[max_depth=5]_vs_Random.txt
MinMax,{'max_depth': 5},MinMax[max_depth=5],RuleBased,{},RuleBased,50,50,0,0,1.0,0.0,659.75,sweep_results/MinMax[max_depth=5]_vs_RuleBased.txt
MinMax,{'max_depth': 5},MinMax[max_depth=5],MinMax,{'max_depth': 1},MinMax[max_depth=1],50,50,0,0,1.0,0.0,297.05,sweep_results/MinMax[max_depth=5]_vs_MinMax[max_depth=1].txt
MinMax,{'max_depth': 5},MinMax[max_depth=5],MinMax,{'max_depth': 2},MinMax[max_depth=2],50,50,0,0,1.0,0.0,300.01,sweep_results/MinMax[max_depth=5]_vs_MinMax[max_depth=2].txt
MinMax,{'max_depth': 5},MinMax[max_depth=5],MinMax,{'max_depth': 3},MinMax[max_depth=3],50,50,0,0,1.0,0.0,310.92,sweep_results/MinMax[max_depth=5]_vs_MinMax[max_depth=3].txt
MinMax,{'max_depth': 5},MinMax[max_depth=5],MinMax,{'max_depth': 4},MinMax[max_depth=4],50,50,0,0,1.0,0.0,729.28,sweep_results/MinMax[max_depth=5]_vs_MinMax[max_depth=4].txt
MinMax,{'max_depth': 5},MinMax[max_depth=5],MinMax,{'max_depth': 5},MinMax[max_depth=5],50,0,50,0,0.0,1.0,1319.28,sweep_results/MinMax[max_depth=5]_vs_MinMax[max_depth=5].txt
MinMax,{'max_depth': 5},MinMax[max_depth=5],MinMax,{'max_depth': 6},MinMax[max_depth=6],50,0,50,0,0.0,1.0,2909.58,sweep_results/MinMax[max_depth=5]_vs_MinMax[max_depth=6].txt
MinMax,{'max_depth': 5},MinMax[max_depth=5],AlphaBeta,{'max_depth': 1},AlphaBeta[max_depth=1],50,50,0,0,1.0,0.0,294.6,sweep_results/MinMax[max_depth=5]_vs_AlphaBeta[max_depth=1].txt
MinMax,{'max_depth': 5},MinMax[max_depth=5],AlphaBeta,{'max_depth': 2},AlphaBeta[max_depth=2],50,50,0,0,1.0,0.0,295.57,sweep_results/MinMax[max_depth=5]_vs_AlphaBeta[max_depth=2].txt
MinMax,{'max_depth': 5},MinMax[max_depth=5],AlphaBeta,{'max_depth': 3},AlphaBeta[max_depth=3],50,50,0,0,1.0,0.0,298.74,sweep_results/MinMax[max_depth=5]_vs_AlphaBeta[max_depth=3].txt
MinMax,{'max_depth': 5},MinMax[max_depth=5],AlphaBeta,{'max_depth': 4},AlphaBeta[max_depth=4],50,50,0,0,1.0,0.0,638.48,sweep_results/MinMax[max_depth=5]_vs_AlphaBeta[max_depth=4].txt
MinMax,{'max_depth': 5},MinMax[max_depth=5],AlphaBeta,{'max_depth': 5},AlphaBeta[max_depth=5],50,0,50,0,0.0,1.0,845.85,sweep_results/MinMax[max_depth=5]_vs_AlphaBeta[max_depth=5].txt
MinMax,{'max_depth': 5},MinMax[max_depth=5],AlphaBeta,{'max_depth': 6},AlphaBeta[max_depth=6],50,50,0,0,1.0,0.0,1104.5,sweep_results/MinMax[max_depth=5]_vs_AlphaBeta[max_depth=6].txt
MinMax,{'max_depth': 5},MinMax[max_depth=5],MCTS,{'max_iterations': 5000},MCTS[max_iterations=5000],50,49,1,0,0.98,0.02,1766.95,sweep_results/MinMax[max_depth=5]_vs_MCTS[max_iterations=5000].txt
MinMax,{'max_depth': 5},MinMax[max_depth=5],MCTS,{'max_iterations': 10000},MCTS[max_iterations=10000],50,49,1,0,0.98,0.02,2441.42,sweep_results/MinMax[max_depth=5]_vs_MCTS[max_iterations=10000].txt
MinMax,{'max_depth': 5},MinMax[max_depth=5],MCTS,{'max_iterations': 15000},MCTS[max_iterations=15000],50,47,3,0,0.94,0.06,3170.79,sweep_results/MinMax[max_depth=5]_vs_MCTS[max_iterations=15000].txt
MinMax,{'max_depth': 5},MinMax[max_depth=5],MCTS,{'max_iterations': 20000},MCTS[max_iterations=20000],50,48,2,0,0.96,0.04,3827.23,sweep_results/MinMax[max_depth=5]_vs_MCTS[max_iterations=20000].txt
MinMax,{'max_depth': 5},MinMax[max_depth=5],DQN,{'model_path': 'checkpoints/dqn_final.pth'},DQN[model_path=checkpoints/dqn_final.pth],50,50,0,0,1.0,0.0,531.13,sweep_results/MinMax[max_depth=5]_vs_DQN[model_path=checkpoints-dqn_final.pth].txt
MinMax,{'max_depth': 6},MinMax[max_depth=6],Random,{},Random,50,50,0,0,1.0,0.0,1477.58,sweep_results/MinMax[max_depth=6]_vs_Random.txt
MinMax,{'max_depth': 6},MinMax[max_depth=6],RuleBased,{},RuleBased,50,50,0,0,1.0,0.0,2576.34,sweep_results/MinMax[max_depth=6]_vs_RuleBased.txt
MinMax,{'max_depth': 6},MinMax[max_depth=6],MinMax,{'max_depth': 1},MinMax[max_depth=1],50,50,0,0,1.0,0.0,1178.96,sweep_results/MinMax[max_depth=6]_vs_MinMax[max_depth=1].txt
MinMax,{'max_depth': 6},MinMax[max_depth=6],MinMax,{'max_depth': 2},MinMax[max_depth=2],50,50,0,0,1.0,0.0,1183.14,sweep_results/MinMax[max_depth=6]_vs_MinMax[max_depth=2].txt
MinMax,{'max_depth': 6},MinMax[max_depth=6],MinMax,{'max_depth': 3},MinMax[max_depth=3],50,50,0,0,1.0,0.0,1190.22,sweep_results/MinMax[max_depth=6]_vs_MinMax[max_depth=3].txt
MinMax,{'max_depth': 6},MinMax[max_depth=6],MinMax,{'max_depth': 4},MinMax[max_depth=4],50,50,0,0,1.0,0.0,2482.94,sweep_results/MinMax[max_depth=6]_vs_MinMax[max_depth=4].txt
MinMax,{'max_depth': 6},MinMax[max_depth=6],MinMax,{'max_depth': 5},MinMax[max_depth=5],50,0,50,0,0.0,1.0,3188.25,sweep_results/MinMax[max_depth=6]_vs_MinMax[max_depth=5].txt
MinMax,{'max_depth': 6},MinMax[max_depth=6],MinMax,{'max_depth': 6},MinMax[max_depth=6],50,50,0,0,1.0,0.0,4766.64,sweep_results/MinMax[max_depth=6]_vs_MinMax[max_depth=6].txt
MinMax,{'max_depth': 6},MinMax[max_depth=6],AlphaBeta,{'max_depth': 1},AlphaBeta[max_depth=1],50,50,0,0,1.0,0.0,1179.51,sweep_results/MinMax[max_depth=6]_vs_AlphaBeta[max_depth=1].txt
MinMax,{'max_depth': 6},MinMax[max_depth=6],AlphaBeta,{'max_depth': 2},AlphaBeta[max_depth=2],50,50,0,0,1.0,0.0,1179.56,sweep_results/MinMax[max_depth=6]_vs_AlphaBeta[max_depth=2].txt
MinMax,{'max_depth': 6},MinMax[max_depth=6],AlphaBeta,{'max_depth': 3},AlphaBeta[max_depth=3],50,50,0,0,1.0,0.0,1182.16,sweep_results/MinMax[max_depth=6]_vs_AlphaBeta[max_depth=3].txt
MinMax,{'max_depth': 6},MinMax[max_depth=6],AlphaBeta,{'max_depth': 4},AlphaBeta[max_depth=4],50,50,0,0,1.0,0.0,2378.38,sweep_results/MinMax[max_depth=6]_vs_AlphaBeta[max_depth=4].txt
MinMax,{'max_depth': 6},MinMax[max_depth=6],AlphaBeta,{'max_depth': 5},AlphaBeta[max_depth=5],50,0,50,0,0.0,1.0,2691.37,sweep_results/MinMax[max_depth=6]_vs_AlphaBeta[max_depth=5].txt
MinMax,{'max_depth': 6},MinMax[max_depth=6],AlphaBeta,{'max_depth': 6},AlphaBeta[max_depth=6],50,50,0,0,1.0,0.0,2884.17,sweep_results/MinMax[max_depth=6]_vs_AlphaBeta[max_depth=6].txt
MinMax,{'max_depth': 6},MinMax[max_depth=6],MCTS,{'max_iterations': 5000},MCTS[max_iterations=5000],50,48,2,0,0.96,0.04,3825.89,sweep_results/MinMax[max_depth=6]_vs_MCTS[max_iterations=5000].txt
MinMax,{'max_depth': 6},MinMax[max_depth=6],MCTS,{'max_iterations': 10000},MCTS[max_iterations=10000],50,48,2,0,0.96,0.04,4945.9,sweep_results/MinMax[max_depth=6]_vs_MCTS[max_iterations=10000].txt
MinMax,{'max_depth': 6},MinMax[max_depth=6],MCTS,{'max_iterations': 15000},MCTS[max_iterations=15000],50,46,4,0,0.92,0.08,5757.77,sweep_results/MinMax[max_depth=6]_vs_MCTS[max_iterations=15000].txt
MinMax,{'max_depth': 6},MinMax[max_depth=6],MCTS,{'max_iterations': 20000},MCTS[max_iterations=20000],50,49,1,0,0.98,0.02,6150.72,sweep_results/MinMax[max_depth=6]_vs_MCTS[max_iterations=20000].txt
MinMax,{'max_depth': 6},MinMax[max_depth=6],DQN,{'model_path': 'checkpoints/dqn_final.pth'},DQN[model_path=checkpoints/dqn_final.pth],50,50,0,0,1.0,0.0,2021.59,sweep_results/MinMax[max_depth=6]_vs_DQN[model_path=checkpoints-dqn_final.pth].txt
AlphaBeta,{'max_depth': 1},AlphaBeta[max_depth=1],Random,{},Random,50,50,0,0,1.0,0.0,0.45,sweep_results/AlphaBeta[max_depth=1]_vs_Random.txt
AlphaBeta,{'max_depth': 1},AlphaBeta[max_depth=1],RuleBased,{},RuleBased,50,0,50,0,0.0,1.0,2.21,sweep_results/AlphaBeta[max_depth=1]_vs_RuleBased.txt
AlphaBeta,{'max_depth': 1},AlphaBeta[max_depth=1],MinMax,{'max_depth': 1},MinMax[max_depth=1],50,50,0,0,1.0,0.0,0.56,sweep_results/AlphaBeta[max_depth=1]_vs_MinMax[max_depth=1].txt
AlphaBeta,{'max_depth': 1},AlphaBeta[max_depth=1],MinMax,{'max_depth': 2},MinMax[max_depth=2],50,50,0,0,1.0,0.0,1.87,sweep_results/AlphaBeta[max_depth=1]_vs_MinMax[max_depth=2].txt
AlphaBeta,{'max_depth': 1},AlphaBeta[max_depth=1],MinMax,{'max_depth': 3},MinMax[max_depth=3],50,0,50,0,0.0,1.0,28.96,sweep_results/AlphaBeta[max_depth=1]_vs_MinMax[max_depth=3].txt
AlphaBeta,{'max_depth': 1},AlphaBeta[max_depth=1],MinMax,{'max_depth': 4},MinMax[max_depth=4],50,0,50,0,0.0,1.0,144.54,sweep_results/AlphaBeta[max_depth=1]_vs_MinMax[max_depth=4].txt
AlphaBeta,{'max_depth': 1},AlphaBeta[max_depth=1],MinMax,{'max_depth': 5},MinMax[max_depth=5],50,0,50,0,0.0,1.0,544.65,sweep_results/AlphaBeta[max_depth=1]_vs_MinMax[max_depth=5].txt
AlphaBeta,{'max_depth': 1},AlphaBeta[max_depth=1],MinMax,{'max_depth': 6},MinMax[max_depth=6],50,0,50,0,0.0,1.0,1918.72,sweep_results/AlphaBeta[max_depth=1]_vs_MinMax[max_depth=6].txt
AlphaBeta,{'max_depth': 1},AlphaBeta[max_depth=1],AlphaBeta,{'max_depth': 1},AlphaBeta[max_depth=1],50,50,0,0,1.0,0.0,0.56,sweep_results/AlphaBeta[max_depth=1]_vs_AlphaBeta[max_depth=1].txt
AlphaBeta,{'max_depth': 1},AlphaBeta[max_depth=1],AlphaBeta,{'max_depth': 2},AlphaBeta[max_depth=2],50,50,0,0,1.0,0.0,1.07,sweep_results/AlphaBeta[max_depth=1]_vs_AlphaBeta[max_depth=2].txt
AlphaBeta,{'max_depth': 1},AlphaBeta[max_depth=1],AlphaBeta,{'max_depth': 3},AlphaBeta[max_depth=3],50,0,50,0,0.0,1.0,10.33,sweep_results/AlphaBeta[max_depth=1]_vs_AlphaBeta[max_depth=3].txt
AlphaBeta,{'max_depth': 1},AlphaBeta[max_depth=1],AlphaBeta,{'max_depth': 4},AlphaBeta[max_depth=4],50,0,50,0,0.0,1.0,39.38,sweep_results/AlphaBeta[max_depth=1]_vs_AlphaBeta[max_depth=4].txt
AlphaBeta,{'max_depth': 1},AlphaBeta[max_depth=1],AlphaBeta,{'max_depth': 5},AlphaBeta[max_depth=5],50,0,50,0,0.0,1.0,106.04,sweep_results/AlphaBeta[max_depth=1]_vs_AlphaBeta[max_depth=5].txt
AlphaBeta,{'max_depth': 1},AlphaBeta[max_depth=1],AlphaBeta,{'max_depth': 6},AlphaBeta[max_depth=6],50,0,50,0,0.0,1.0,288.94,sweep_results/AlphaBeta[max_depth=1]_vs_AlphaBeta[max_depth=6].txt
AlphaBeta,{'max_depth': 1},AlphaBeta[max_depth=1],MCTS,{'max_iterations': 5000},MCTS[max_iterations=5000],50,41,8,1,0.82,0.16,1556.49,sweep_results/AlphaBeta[max_depth=1]_vs_MCTS[max_iterations=5000].txt
AlphaBeta,{'max_depth': 1},AlphaBeta[max_depth=1],MCTS,{'max_iterations': 10000},MCTS[max_iterations=10000],50,43,6,1,0.86,0.12,2354.5,sweep_results/AlphaBeta[max_depth=1]_vs_MCTS[max_iterations=10000].txt
AlphaBeta,{'max_depth': 1},AlphaBeta[max_depth=1],MCTS,{'max_iterations': 15000},MCTS[max_iterations=15000],50,44,6,0,0.88,0.12,3311.56,sweep_results/AlphaBeta[max_depth=1]_vs_MCTS[max_iterations=15000].txt
AlphaBeta,{'max_depth': 1},AlphaBeta[max_depth=1],MCTS,{'max_iterations': 20000},MCTS[max_iterations=20000],50,47,3,0,0.94,0.06,3988.75,sweep_results/AlphaBeta[max_depth=1]_vs_MCTS[max_iterations=20000].txt
AlphaBeta,{'max_depth': 1},AlphaBeta[max_depth=1],DQN,{'model_path': 'checkpoints/dqn_final.pth'},DQN[model_path=checkpoints/dqn_final.pth],50,50,0,0,1.0,0.0,1.89,sweep_results/AlphaBeta[max_depth=1]_vs_DQN[model_path=checkpoints-dqn_final.pth].txt
AlphaBeta,{'max_depth': 2},AlphaBeta[max_depth=2],Random,{},Random,50,50,0,0,1.0,0.0,1.84,sweep_results/AlphaBeta[max_depth=2]_vs_Random.txt
AlphaBeta,{'max_depth': 2},AlphaBeta[max_depth=2],RuleBased,{},RuleBased,50,50,0,0,1.0,0.0,7.63,sweep_results/AlphaBeta[max_depth=2]_vs_RuleBased.txt
AlphaBeta,{'max_depth': 2},AlphaBeta[max_depth=2],MinMax,{'max_depth': 1},MinMax[max_depth=1],50,50,0,0,1.0,0.0,2.82,sweep_results/AlphaBeta[max_depth=2]_vs_MinMax[max_depth=1].txt
AlphaBeta,{'max_depth': 2},AlphaBeta[max_depth=2],MinMax,{'max_depth': 2},MinMax[max_depth=2],50,50,0,0,1.0,0.0,6.76,sweep_results/AlphaBeta[max_depth=2]_vs_MinMax[max_depth=2].txt
AlphaBeta,{'max_depth': 2},AlphaBeta[max_depth=2],MinMax,{'max_depth': 3},MinMax[max_depth=3],50,0,50,0,0.0,1.0,48.13,sweep_results/AlphaBeta[max_depth=2]_vs_MinMax[max_depth=3].txt
AlphaBeta,{'max_depth': 2},AlphaBeta[max_depth=2],MinMax,{'max_depth': 4},MinMax[max_depth=4],50,0,50,0,0.0,1.0,139.87,sweep_results/AlphaBeta[max_depth=2]_vs_MinMax[max_depth=4].txt
AlphaBeta,{'max_depth': 2},AlphaBeta[max_depth=2],MinMax,{'max_depth': 5},MinMax[max_depth=5],50,50,0,0,1.0,0.0,549.85,sweep_results/AlphaBeta[max_depth=2]_vs_MinMax[max_depth=5].txt
AlphaBeta,{'max_depth': 2},AlphaBeta[max_depth=2],MinMax,{'max_depth': 6},MinMax[max_depth=6],50,0,50,0,0.0,1.0,2068.91,sweep_results/AlphaBeta[max_depth=2]_vs_MinMax[max_depth=6].txt
AlphaBeta,{'max_depth': 2},AlphaBeta[max_depth=2],AlphaBeta,{'max_depth': 1},AlphaBeta[max_depth=1],50,50,0,0,1.0,0.0,2.8,sweep_results/AlphaBeta[max_depth=2]_vs_AlphaBeta[max_depth=1].txt
AlphaBeta,{'max_depth': 2},AlphaBeta[max_depth=2],AlphaBeta,{'max_depth': 2},AlphaBeta[max_depth=2],50,50,0,0,1.0,0.0,3.95,sweep_results/AlphaBeta[max_depth=2]_vs_AlphaBeta[max_depth=2].txt
AlphaBeta,{'max_depth': 2},AlphaBeta[max_depth=2],AlphaBeta,{'max_depth': 3},AlphaBeta[max_depth=3],50,0,50,0,0.0,1.0,25.64,sweep_results/AlphaBeta[max_depth=2]_vs_AlphaBeta[max_depth=3].txt
AlphaBeta,{'max_depth': 2},AlphaBeta[max_depth=2],AlphaBeta,{'max_depth': 4},AlphaBeta[max_depth=4],50,0,50,0,0.0,1.0,35.63,sweep_results/AlphaBeta[max_depth=2]_vs_AlphaBeta[max_depth=4].txt
AlphaBeta,{'max_depth': 2},AlphaBeta[max_depth=2],AlphaBeta,{'max_depth': 5},AlphaBeta[max_depth=5],50,50,0,0,1.0,0.0,95.34,sweep_results/AlphaBeta[max_depth=2]_vs_AlphaBeta[max_depth=5].txt
AlphaBeta,{'max_depth': 2},AlphaBeta[max_depth=2],AlphaBeta,{'max_depth': 6},AlphaBeta[max_depth=6],50,0,50,0,0.0,1.0,360.12,sweep_results/AlphaBeta[max_depth=2]_vs_AlphaBeta[max_depth=6].txt
AlphaBeta,{'max_depth': 2},AlphaBeta[max_depth=2],MCTS,{'max_iterations': 5000},MCTS[max_iterations=5000],50,45,4,1,0.9,0.08,1860.87,sweep_results/AlphaBeta[max_depth=2]_vs_MCTS[max_iterations=5000].txt
AlphaBeta,{'max_depth': 2},AlphaBeta[max_depth=2],MCTS,{'max_iterations': 10000},MCTS[max_iterations=10000],50,46,4,0,0.92,0.08,3093.95,sweep_results/AlphaBeta[max_depth=2]_vs_MCTS[max_iterations=10000].txt
AlphaBeta,{'max_depth': 2},AlphaBeta[max_depth=2],MCTS,{'max_iterations': 15000},MCTS[max_iterations=15000],50,41,9,0,0.82,0.18,4091.89,sweep_results/AlphaBeta[max_depth=2]_vs_MCTS[max_iterations=15000].txt
AlphaBeta,{'max_depth': 2},AlphaBeta[max_depth=2],MCTS,{'max_iterations': 20000},MCTS[max_iterations=20000],50,39,11,0,0.78,0.22,5100.15,sweep_results/AlphaBeta[max_depth=2]_vs_MCTS[max_iterations=20000].txt
AlphaBeta,{'max_depth': 2},AlphaBeta[max_depth=2],DQN,{'model_path': 'checkpoints/dqn_final.pth'},DQN[model_path=checkpoints/dqn_final.pth],50,50,0,0,1.0,0.0,11.0,sweep_results/AlphaBeta[max_depth=2]_vs_DQN[model_path=checkpoints-dqn_final.pth].txt
AlphaBeta,{'max_depth': 3},AlphaBeta[max_depth=3],Random,{},Random,50,50,0,0,1.0,0.0,5.22,sweep_results/AlphaBeta[max_depth=3]_vs_Random.txt
AlphaBeta,{'max_depth': 3},AlphaBeta[max_depth=3],RuleBased,{},RuleBased,50,50,0,0,1.0,0.0,16.28,sweep_results/AlphaBeta[max_depth=3]_vs_RuleBased.txt
AlphaBeta,{'max_depth': 3},AlphaBeta[max_depth=3],MinMax,{'max_depth': 1},MinMax[max_depth=1],50,50,0,0,1.0,0.0,6.56,sweep_results/AlphaBeta[max_depth=3]_vs_MinMax[max_depth=1].txt
AlphaBeta,{'max_depth': 3},AlphaBeta[max_depth=3],MinMax,{'max_depth': 2},MinMax[max_depth=2],50,50,0,0,1.0,0.0,9.29,sweep_results/AlphaBeta[max_depth=3]_vs_MinMax[max_depth=2].txt
AlphaBeta,{'max_depth': 3},AlphaBeta[max_depth=3],MinMax,{'max_depth': 3},MinMax[max_depth=3],50,0,50,0,0.0,1.0,52.99,sweep_results/AlphaBeta[max_depth=3]_vs_MinMax[max_depth=3].txt
AlphaBeta,{'max_depth': 3},AlphaBeta[max_depth=3],MinMax,{'max_depth': 4},MinMax[max_depth=4],50,50,0,0,1.0,0.0,187.68,sweep_results/AlphaBeta[max_depth=3]_vs_MinMax[max_depth=4].txt
AlphaBeta,{'max_depth': 3},AlphaBeta[max_depth=3],MinMax,{'max_depth': 5},MinMax[max_depth=5],50,50,0,0,1.0,0.0,566.65,sweep_results/AlphaBeta[max_depth=3]_vs_MinMax[max_depth=5].txt
AlphaBeta,{'max_depth': 3},AlphaBeta[max_depth=3],MinMax,{'max_depth': 6},MinMax[max_depth=6],50,0,50,0,0.0,1.0,2040.03,sweep_results/AlphaBeta[max_depth=3]_vs_MinMax[max_depth=6].txt
AlphaBeta,{'max_depth': 3},AlphaBeta[max_depth=3],AlphaBeta,{'max_depth': 1},AlphaBeta[max_depth=1],50,50,0,0,1.0,0.0,6.58,sweep_results/AlphaBeta[max_depth=3]_vs_AlphaBeta[max_depth=1].txt
AlphaBeta,{'max_depth': 3},AlphaBeta[max_depth=3],AlphaBeta,{'max_depth': 2},AlphaBeta[max_depth=2],50,50,0,0,1.0,0.0,7.2,sweep_results/AlphaBeta[max_depth=3]_vs_AlphaBeta[max_depth=2].txt
AlphaBeta,{'max_depth': 3},AlphaBeta[max_depth=3],AlphaBeta,{'max_depth': 3},AlphaBeta[max_depth=3],50,0,50,0,0.0,1.0,29.88,sweep_results/AlphaBeta[max_depth=3]_vs_AlphaBeta[max_depth=3].txt
AlphaBeta,{'max_depth': 3},AlphaBeta[max_depth=3],AlphaBeta,{'max_depth': 4},AlphaBeta[max_depth=4],50,50,0,0,1.0,0.0,62.53,sweep_results/AlphaBeta[max_depth=3]_vs_AlphaBeta[max_depth=4].txt
AlphaBeta,{'max_depth': 3},AlphaBeta[max_depth=3],AlphaBeta,{'max_depth': 5},AlphaBeta[max_depth=5],50,50,0,0,1.0,0.0,119.58,sweep_results/AlphaBeta[max_depth=3]_vs_AlphaBeta[max_depth=5].txt
AlphaBeta,{'max_depth': 3},AlphaBeta[max_depth=3],AlphaBeta,{'max_depth': 6},AlphaBeta[max_depth=6],50,0,50,0,0.0,1.0,359.81,sweep_results/AlphaBeta[max_depth=3]_vs_AlphaBeta[max_depth=6].txt
AlphaBeta,{'max_depth': 3},AlphaBeta[max_depth=3],MCTS,{'max_iterations': 5000},MCTS[max_iterations=5000],50,43,7,0,0.86,0.14,1716.74,sweep_results/AlphaBeta[max_depth=3]_vs_MCTS[max_iterations=5000].txt
AlphaBeta,{'max_depth': 3},AlphaBeta[max_depth=3],MCTS,{'max_iterations': 10000},MCTS[max_iterations=10000],50,45,5,0,0.9,0.1,2877.94,sweep_results/AlphaBeta[max_depth=3]_vs_MCTS[max_iterations=10000].txt
AlphaBeta,{'max_depth': 3},AlphaBeta[max_depth=3],MCTS,{'max_iterations': 15000},MCTS[max_iterations=15000],50,50,0,0,1.0,0.0,3774.05,sweep_results/AlphaBeta[max_depth=3]_vs_MCTS[max_iterations=15000].txt
AlphaBeta,{'max_depth': 3},AlphaBeta[max_depth=3],MCTS,{'max_iterations': 20000},MCTS[max_iterations=20000],50,46,4,0,0.92,0.08,4837.44,sweep_results/AlphaBeta[max_depth=3]_vs_MCTS[max_iterations=20000].txt
AlphaBeta,{'max_depth': 3},AlphaBeta[max_depth=3],DQN,{'model_path': 'checkpoints/dqn_final.pth'},DQN[model_path=checkpoints/dqn_final.pth],50,50,0,0,1.0,0.0,15.6,sweep_results/AlphaBeta[max_depth=3]_vs_DQN[model_path=checkpoints-dqn_final.pth].txt
AlphaBeta,{'max_depth': 4},AlphaBeta[max_depth=4],Random,{},Random,50,50,0,0,1.0,0.0,13.79,sweep_results/AlphaBeta[max_depth=4]_vs_Random.txt
AlphaBeta,{'max_depth': 4},AlphaBeta[max_depth=4],RuleBased,{},RuleBased,50,50,0,0,1.0,0.0,30.76,sweep_results/AlphaBeta[max_depth=4]_vs_RuleBased.txt
AlphaBeta,{'max_depth': 4},AlphaBeta[max_depth=4],MinMax,{'max_depth': 1},MinMax[max_depth=1],50,50,0,0,1.0,0.0,15.16,sweep_results/AlphaBeta[max_depth=4]_vs_MinMax[max_depth=1].txt
AlphaBeta,{'max_depth': 4},AlphaBeta[max_depth=4],MinMax,{'max_depth': 2},MinMax[max_depth=2],50,50,0,0,1.0,0.0,17.19,sweep_results/AlphaBeta[max_depth=4]_vs_MinMax[max_depth=2].txt
AlphaBeta,{'max_depth': 4},AlphaBeta[max_depth=4],MinMax,{'max_depth': 3},MinMax[max_depth=3],50,50,0,0,1.0,0.0,27.71,sweep_results/AlphaBeta[max_depth=4]_vs_MinMax[max_depth=3].txt
AlphaBeta,{'max_depth': 4},AlphaBeta[max_depth=4],MinMax,{'max_depth': 4},MinMax[max_depth=4],50,0,50,0,0.0,1.0,174.3,sweep_results/AlphaBeta[max_depth=4]_vs_MinMax[max_depth=4].txt
AlphaBeta,{'max_depth': 4},AlphaBeta[max_depth=4],MinMax,{'max_depth': 5},MinMax[max_depth=5],50,0,50,0,0.0,1.0,578.77,sweep_results/AlphaBeta[max_depth=4]_vs_MinMax[max_depth=5].txt
AlphaBeta,{'max_depth': 4},AlphaBeta[max_depth=4],MinMax,{'max_depth': 6},MinMax[max_depth=6],50,50,0,0,1.0,0.0,2512.32,sweep_results/AlphaBeta[max_depth=4]_vs_MinMax[max_depth=6].txt
AlphaBeta,{'max_depth': 4},AlphaBeta[max_depth=4],AlphaBeta,{'max_depth': 1},AlphaBeta[max_depth=1],50,50,0,0,1.0,0.0,15.06,sweep_results/AlphaBeta[max_depth=4]_vs_AlphaBeta[max_depth=1].txt
AlphaBeta,{'max_depth': 4},AlphaBeta[max_depth=4],AlphaBeta,{'max_depth': 2},AlphaBeta[max_depth=2],50,50,0,0,1.0,0.0,15.77,sweep_results/AlphaBeta[max_depth=4]_vs_AlphaBeta[max_depth=2].txt
AlphaBeta,{'max_depth': 4},AlphaBeta[max_depth=4],AlphaBeta,{'max_depth': 3},AlphaBeta[max_depth=3],50,50,0,0,1.0,0.0,18.27,sweep_results/AlphaBeta[max_depth=4]_vs_AlphaBeta[max_depth=3].txt
AlphaBeta,{'max_depth': 4},AlphaBeta[max_depth=4],AlphaBeta,{'max_depth': 4},AlphaBeta[max_depth=4],50,0,50,0,0.0,1.0,63.71,sweep_results/AlphaBeta[max_depth=4]_vs_AlphaBeta[max_depth=4].txt
AlphaBeta,{'max_depth': 4},AlphaBeta[max_depth=4],AlphaBeta,{'max_depth': 5},AlphaBeta[max_depth=5],50,0,50,0,0.0,1.0,149.59,sweep_results/AlphaBeta[max_depth=4]_vs_AlphaBeta[max_depth=5].txt
AlphaBeta,{'max_depth': 4},AlphaBeta[max_depth=4],AlphaBeta,{'max_depth': 6},AlphaBeta[max_depth=6],50,50,0,0,1.0,0.0,467.07,sweep_results/AlphaBeta[max_depth=4]_vs_AlphaBeta[max_depth=6].txt
AlphaBeta,{'max_depth': 4},AlphaBeta[max_depth=4],MCTS,{'max_iterations': 5000},MCTS[max_iterations=5000],50,45,5,0,0.9,0.1,1796.55,sweep_results/AlphaBeta[max_depth=4]_vs_MCTS[max_iterations=5000].txt
AlphaBeta,{'max_depth': 4},AlphaBeta[max_depth=4],MCTS,{'max_iterations': 10000},MCTS[max_iterations=10000],50,46,4,0,0.92,0.08,2802.27,sweep_results/AlphaBeta[max_depth=4]_vs_MCTS[max_iterations=10000].txt
AlphaBeta,{'max_depth': 4},AlphaBeta[max_depth=4],MCTS,{'max_iterations': 15000},MCTS[max_iterations=15000],50,48,2,0,0.96,0.04,3790.38,sweep_results/AlphaBeta[max_depth=4]_vs_MCTS[max_iterations=15000].txt
AlphaBeta,{'max_depth': 4},AlphaBeta[max_depth=4],MCTS,{'max_iterations': 20000},MCTS[max_iterations=20000],50,49,1,0,0.98,0.02,4226.17,sweep_results/AlphaBeta[max_depth=4]_vs_MCTS[max_iterations=20000].txt
AlphaBeta,{'max_depth': 4},AlphaBeta[max_depth=4],DQN,{'model_path': 'checkpoints/dqn_final.pth'},DQN[model_path=checkpoints/dqn_final.pth],50,50,0,0,1.0,0.0,28.25,sweep_results/AlphaBeta[max_depth=4]_vs_DQN[model_path=checkpoints-dqn_final.pth].txt
AlphaBeta,{'max_depth': 5},AlphaBeta[max_depth=5],Random,{},Random,50,50,0,0,1.0,0.0,41.75,sweep_results/AlphaBeta[max_depth=5]_vs_Random.txt
AlphaBeta,{'max_depth': 5},AlphaBeta[max_depth=5],RuleBased,{},RuleBased,50,50,0,0,1.0,0.0,106.78,sweep_results/AlphaBeta[max_depth=5]_vs_RuleBased.txt
AlphaBeta,{'max_depth': 5},AlphaBeta[max_depth=5],MinMax,{'max_depth': 1},MinMax[max_depth=1],50,50,0,0,1.0,0.0,54.01,sweep_results/AlphaBeta[max_depth=5]_vs_MinMax[max_depth=1].txt
AlphaBeta,{'max_depth': 5},AlphaBeta[max_depth=5],MinMax,{'max_depth': 2},MinMax[max_depth=2],50,50,0,0,1.0,0.0,55.49,sweep_results/AlphaBeta[max_depth=5]_vs_MinMax[max_depth=2].txt
AlphaBeta,{'max_depth': 5},AlphaBeta[max_depth=5],MinMax,{'max_depth': 3},MinMax[max_depth=3],50,50,0,0,1.0,0.0,65.92,sweep_results/AlphaBeta[max_depth=5]_vs_MinMax[max_depth=3].txt
AlphaBeta,{'max_depth': 5},AlphaBeta[max_depth=5],MinMax,{'max_depth': 4},MinMax[max_depth=4],50,50,0,0,1.0,0.0,236.89,sweep_results/AlphaBeta[max_depth=5]_vs_MinMax[max_depth=4].txt
AlphaBeta,{'max_depth': 5},AlphaBeta[max_depth=5],MinMax,{'max_depth': 5},MinMax[max_depth=5],50,0,50,0,0.0,1.0,784.42,sweep_results/AlphaBeta[max_depth=5]_vs_MinMax[max_depth=5].txt
AlphaBeta,{'max_depth': 5},AlphaBeta[max_depth=5],MinMax,{'max_depth': 6},MinMax[max_depth=6],50,0,50,0,0.0,1.0,2476.29,sweep_results/AlphaBeta[max_depth=5]_vs_MinMax[max_depth=6].txt
AlphaBeta,{'max_depth': 5},AlphaBeta[max_depth=5],AlphaBeta,{'max_depth': 1},AlphaBeta[max_depth=1],50,50,0,0,1.0,0.0,53.47,sweep_results/AlphaBeta[max_depth=5]_vs_AlphaBeta[max_depth=1].txt
AlphaBeta,{'max_depth': 5},AlphaBeta[max_depth=5],AlphaBeta,{'max_depth': 2},AlphaBeta[max_depth=2],50,50,0,0,1.0,0.0,54.21,sweep_results/AlphaBeta[max_depth=5]_vs_AlphaBeta[max_depth=2].txt
AlphaBeta,{'max_depth': 5},AlphaBeta[max_depth=5],AlphaBeta,{'max_depth': 3},AlphaBeta[max_depth=3],50,50,0,0,1.0,0.0,56.59,sweep_results/AlphaBeta[max_depth=5]_vs_AlphaBeta[max_depth=3].txt
AlphaBeta,{'max_depth': 5},AlphaBeta[max_depth=5],AlphaBeta,{'max_depth': 4},AlphaBeta[max_depth=4],50,50,0,0,1.0,0.0,152.65,sweep_results/AlphaBeta[max_depth=5]_vs_AlphaBeta[max_depth=4].txt
AlphaBeta,{'max_depth': 5},AlphaBeta[max_depth=5],AlphaBeta,{'max_depth': 5},AlphaBeta[max_depth=5],50,0,50,0,0.0,1.0,321.47,sweep_results/AlphaBeta[max_depth=5]_vs_AlphaBeta[max_depth=5].txt
AlphaBeta,{'max_depth': 5},AlphaBeta[max_depth=5],AlphaBeta,{'max_depth': 6},AlphaBeta[max_depth=6],50,0,50,0,0.0,1.0,562.85,sweep_results/AlphaBeta[max_depth=5]_vs_AlphaBeta[max_depth=6].txt
AlphaBeta,{'max_depth': 5},AlphaBeta[max_depth=5],MCTS,{'max_iterations': 5000},MCTS[max_iterations=5000],50,49,1,0,0.98,0.02,1321.14,sweep_results/AlphaBeta[max_depth=5]_vs_MCTS[max_iterations=5000].txt
AlphaBeta,{'max_depth': 5},AlphaBeta[max_depth=5],MCTS,{'max_iterations': 10000},MCTS[max_iterations=10000],50,49,1,0,0.98,0.02,2242.36,sweep_results/AlphaBeta[max_depth=5]_vs_MCTS[max_iterations=10000].txt
AlphaBeta,{'max_depth': 5},AlphaBeta[max_depth=5],MCTS,{'max_iterations': 15000},MCTS[max_iterations=15000],50,48,2,0,0.96,0.04,2799.02,sweep_results/AlphaBeta[max_depth=5]_vs_MCTS[max_iterations=15000].txt
AlphaBeta,{'max_depth': 5},AlphaBeta[max_depth=5],MCTS,{'max_iterations': 20000},MCTS[max_iterations=20000],50,46,4,0,0.92,0.08,3209.09,sweep_results/AlphaBeta[max_depth=5]_vs_MCTS[max_iterations=20000].txt
AlphaBeta,{'max_depth': 5},AlphaBeta[max_depth=5],DQN,{'model_path': 'checkpoints/dqn_final.pth'},DQN[model_path=checkpoints/dqn_final.pth],50,50,0,0,1.0,0.0,61.03,sweep_results/AlphaBeta[max_depth=5]_vs_DQN[model_path=checkpoints-dqn_final.pth].txt
AlphaBeta,{'max_depth': 6},AlphaBeta[max_depth=6],Random,{},Random,50,50,0,0,1.0,0.0,102.41,sweep_results/AlphaBeta[max_depth=6]_vs_Random.txt
AlphaBeta,{'max_depth': 6},AlphaBeta[max_depth=6],RuleBased,{},RuleBased,50,50,0,0,1.0,0.0,182.69,sweep_results/AlphaBeta[max_depth=6]_vs_RuleBased.txt
AlphaBeta,{'max_depth': 6},AlphaBeta[max_depth=6],MinMax,{'max_depth': 1},MinMax[max_depth=1],50,50,0,0,1.0,0.0,120.15,sweep_results/AlphaBeta[max_depth=6]_vs_MinMax[max_depth=1].txt
AlphaBeta,{'max_depth': 6},AlphaBeta[max_depth=6],MinMax,{'max_depth': 2},MinMax[max_depth=2],50,50,0,0,1.0,0.0,122.22,sweep_results/AlphaBeta[max_depth=6]_vs_MinMax[max_depth=2].txt
AlphaBeta,{'max_depth': 6},AlphaBeta[max_depth=6],MinMax,{'max_depth': 3},MinMax[max_depth=3],50,50,0,0,1.0,0.0,132.51,sweep_results/AlphaBeta[max_depth=6]_vs_MinMax[max_depth=3].txt
AlphaBeta,{'max_depth': 6},AlphaBeta[max_depth=6],MinMax,{'max_depth': 4},MinMax[max_depth=4],50,50,0,0,1.0,0.0,375.87,sweep_results/AlphaBeta[max_depth=6]_vs_MinMax[max_depth=4].txt
AlphaBeta,{'max_depth': 6},AlphaBeta[max_depth=6],MinMax,{'max_depth': 5},MinMax[max_depth=5],50,0,50,0,0.0,1.0,1102.25,sweep_results/AlphaBeta[max_depth=6]_vs_MinMax[max_depth=5].txt
AlphaBeta,{'max_depth': 6},AlphaBeta[max_depth=6],MinMax,{'max_depth': 6},MinMax[max_depth=6],50,50,0,0,1.0,0.0,2605.52,sweep_results/AlphaBeta[max_depth=6]_vs_MinMax[max_depth=6].txt
AlphaBeta,{'max_depth': 6},AlphaBeta[max_depth=6],AlphaBeta,{'max_depth': 1},AlphaBeta[max_depth=1],50,50,0,0,1.0,0.0,119.88,sweep_results/AlphaBeta[max_depth=6]_vs_AlphaBeta[max_depth=1].txt
AlphaBeta,{'max_depth': 6},AlphaBeta[max_depth=6],AlphaBeta,{'max_depth': 2},AlphaBeta[max_depth=2],50,50,0,0,1.0,0.0,120.55,sweep_results/AlphaBeta[max_depth=6]_vs_AlphaBeta[max_depth=2].txt
AlphaBeta,{'max_depth': 6},AlphaBeta[max_depth=6],AlphaBeta,{'max_depth': 3},AlphaBeta[max_depth=3],50,50,0,0,1.0,0.0,123.5,sweep_results/AlphaBeta[max_depth=6]_vs_AlphaBeta[max_depth=3].txt
AlphaBeta,{'max_depth': 6},AlphaBeta[max_depth=6],AlphaBeta,{'max_depth': 4},AlphaBeta[max_depth=4],50,50,0,0,1.0,0.0,268.41,sweep_results/AlphaBeta[max_depth=6]_vs_AlphaBeta[max_depth=4].txt
AlphaBeta,{'max_depth': 6},AlphaBeta[max_depth=6],AlphaBeta,{'max_depth': 5},AlphaBeta[max_depth=5],50,0,50,0,0.0,1.0,597.91,sweep_results/AlphaBeta[max_depth=6]_vs_AlphaBeta[max_depth=5].txt
AlphaBeta,{'max_depth': 6},AlphaBeta[max_depth=6],AlphaBeta,{'max_depth': 6},AlphaBeta[max_depth=6],50,0,0,50,0.0,0.0,668.24,sweep_results/AlphaBeta[max_depth=6]_vs_AlphaBeta[max_depth=6].txt
AlphaBeta,{'max_depth': 6},AlphaBeta[max_depth=6],MCTS,{'max_iterations': 5000},MCTS[max_iterations=5000],50,46,3,1,0.92,0.06,1815.67,sweep_results/AlphaBeta[max_depth=6]_vs_MCTS[max_iterations=5000].txt
AlphaBeta,{'max_depth': 6},AlphaBeta[max_depth=6],MCTS,{'max_iterations': 10000},MCTS[max_iterations=10000],50,48,2,0,0.96,0.04,2774.33,sweep_results/AlphaBeta[max_depth=6]_vs_MCTS[max_iterations=10000].txt
AlphaBeta,{'max_depth': 6},AlphaBeta[max_depth=6],MCTS,{'max_iterations': 15000},MCTS[max_iterations=15000],50,50,0,0,1.0,0.0,3616.7,sweep_results/AlphaBeta[max_depth=6]_vs_MCTS[max_iterations=15000].txt
AlphaBeta,{'max_depth': 6},AlphaBeta[max_depth=6],MCTS,{'max_iterations': 20000},MCTS[max_iterations=20000],50,50,0,0,1.0,0.0,4334.27,sweep_results/AlphaBeta[max_depth=6]_vs_MCTS[max_iterations=20000].txt
AlphaBeta,{'max_depth': 6},AlphaBeta[max_depth=6],DQN,{'model_path': 'checkpoints/dqn_final.pth'},DQN[model_path=checkpoints/dqn_final.pth],50,50,0,0,1.0,0.0,100.65,sweep_results/AlphaBeta[max_depth=6]_vs_DQN[model_path=checkpoints-dqn_final.pth].txt
MCTS,{'max_iterations': 5000},MCTS[max_iterations=5000],Random,{},Random,50,47,3,0,0.94,0.06,1417.33,sweep_results/MCTS[max_iterations=5000]_vs_Random.txt
MCTS,{'max_iterations': 5000},MCTS[max_iterations=5000],RuleBased,{},RuleBased,50,8,39,3,0.16,0.78,1896.11,sweep_results/MCTS[max_iterations=5000]_vs_RuleBased.txt
MCTS,{'max_iterations': 5000},MCTS[max_iterations=5000],MinMax,{'max_depth': 1},MinMax[max_depth=1],50,7,43,0,0.14,0.86,1615.74,sweep_results/MCTS[max_iterations=5000]_vs_MinMax[max_depth=1].txt
MCTS,{'max_iterations': 5000},MCTS[max_iterations=5000],MinMax,{'max_depth': 2},MinMax[max_depth=2],50,14,36,0,0.28,0.72,1677.76,sweep_results/MCTS[max_iterations=5000]_vs_MinMax[max_depth=2].txt
MCTS,{'max_iterations': 5000},MCTS[max_iterations=5000],MinMax,{'max_depth': 3},MinMax[max_depth=3],50,6,44,0,0.12,0.88,1641.99,sweep_results/MCTS[max_iterations=5000]_vs_MinMax[max_depth=3].txt
MCTS,{'max_iterations': 5000},MCTS[max_iterations=5000],MinMax,{'max_depth': 4},MinMax[max_depth=4],50,0,50,0,0.0,1.0,1591.29,sweep_results/MCTS[max_iterations=5000]_vs_MinMax[max_depth=4].txt
MCTS,{'max_iterations': 5000},MCTS[max_iterations=5000],MinMax,{'max_depth': 5},MinMax[max_depth=5],50,0,50,0,0.0,1.0,1971.9,sweep_results/MCTS[max_iterations=5000]_vs_MinMax[max_depth=5].txt
MCTS,{'max_iterations': 5000},MCTS[max_iterations=5000],MinMax,{'max_depth': 6},MinMax[max_depth=6],50,4,46,0,0.08,0.92,3808.77,sweep_results/MCTS[max_iterations=5000]_vs_MinMax[max_depth=6].txt
MCTS,{'max_iterations': 5000},MCTS[max_iterations=5000],AlphaBeta,{'max_depth': 1},AlphaBeta[max_depth=1],50,6,44,0,0.12,0.88,1516.17,sweep_results/MCTS[max_iterations=5000]_vs_AlphaBeta[max_depth=1].txt
MCTS,{'max_iterations': 5000},MCTS[max_iterations=5000],AlphaBeta,{'max_depth': 2},AlphaBeta[max_depth=2],50,15,35,0,0.3,0.7,1755.78,sweep_results/MCTS[max_iterations=5000]_vs_AlphaBeta[max_depth=2].txt
MCTS,{'max_iterations': 5000},MCTS[max_iterations=5000],AlphaBeta,{'max_depth': 3},AlphaBeta[max_depth=3],50,5,45,0,0.1,0.9,1584.85,sweep_results/MCTS[max_iterations=5000]_vs_AlphaBeta[max_depth=3].txt
MCTS,{'max_iterations': 5000},MCTS[max_iterations=5000],AlphaBeta,{'max_depth': 4},AlphaBeta[max_depth=4],50,0,50,0,0.0,1.0,1524.41,sweep_results/MCTS[max_iterations=5000]_vs_AlphaBeta[max_depth=4].txt
MCTS,{'max_iterations': 5000},MCTS[max_iterations=5000],AlphaBeta,{'max_depth': 5},AlphaBeta[max_depth=5],50,0,50,0,0.0,1.0,1508.31,sweep_results/MCTS[max_iterations=5000]_vs_AlphaBeta[max_depth=5].txt
MCTS,{'max_iterations': 5000},MCTS[max_iterations=5000],AlphaBeta,{'max_depth': 6},AlphaBeta[max_depth=6],50,1,49,0,0.02,0.98,1976.23,sweep_results/MCTS[max_iterations=5000]_vs_AlphaBeta[max_depth=6].txt
MCTS,{'max_iterations': 5000},MCTS[max_iterations=5000],MCTS,{'max_iterations': 5000},MCTS[max_iterations=5000],50,21,25,4,0.42,0.5,3958.63,sweep_results/MCTS[max_iterations=5000]_vs_MCTS[max_iterations=5000].txt
MCTS,{'max_iterations': 5000},MCTS[max_iterations=5000],MCTS,{'max_iterations': 10000},MCTS[max_iterations=10000],50,24,22,4,0.48,0.44,5120.34,sweep_results/MCTS[max_iterations=5000]_vs_MCTS[max_iterations=10000].txt
MCTS,{'max_iterations': 5000},MCTS[max_iterations=5000],MCTS,{'max_iterations': 15000},MCTS[max_iterations=15000],50,24,23,3,0.48,0.46,6577.18,sweep_results/MCTS[max_iterations=5000]_vs_MCTS[max_iterations=15000].txt
MCTS,{'max_iterations': 5000},MCTS[max_iterations=5000],MCTS,{'max_iterations': 20000},MCTS[max_iterations=20000],50,22,27,1,0.44,0.54,7244.6,sweep_results/MCTS[max_iterations=5000]_vs_MCTS[max_iterations=20000].txt
MCTS,{'max_iterations': 5000},MCTS[max_iterations=5000],DQN,{'model_path': 'checkpoints/dqn_final.pth'},DQN[model_path=checkpoints/dqn_final.pth],50,50,0,0,1.0,0.0,1039.28,sweep_results/MCTS[max_iterations=5000]_vs_DQN[model_path=checkpoints-dqn_final.pth].txt
MCTS,{'max_iterations': 10000},MCTS[max_iterations=10000],Random,{},Random,50,49,1,0,0.98,0.02,2457.58,sweep_results/MCTS[max_iterations=10000]_vs_Random.txt
MCTS,{'max_iterations': 10000},MCTS[max_iterations=10000],RuleBased,{},RuleBased,50,15,32,3,0.3,0.64,3300.42,sweep_results/MCTS[max_iterations=10000]_vs_RuleBased.txt
MCTS,{'max_iterations': 10000},MCTS[max_iterations=10000],MinMax,{'max_depth': 1},MinMax[max_depth=1],50,2,48,0,0.04,0.96,2587.82,sweep_results/MCTS[max_iterations=10000]_vs_MinMax[max_depth=1].txt
MCTS,{'max_iterations': 10000},MCTS[max_iterations=10000],MinMax,{'max_depth': 2},MinMax[max_depth=2],50,8,42,0,0.16,0.84,3028.78,sweep_results/MCTS[max_iterations=10000]_vs_MinMax[max_depth=2].txt
MCTS,{'max_iterations': 10000},MCTS[max_iterations=10000],MinMax,{'max_depth': 3},MinMax[max_depth=3],50,5,45,0,0.1,0.9,2882.01,sweep_results/MCTS[max_iterations=10000]_vs_MinMax[max_depth=3].txt
MCTS,{'max_iterations': 10000},MCTS[max_iterations=10000],MinMax,{'max_depth': 4},MinMax[max_depth=4],50,1,49,0,0.02,0.98,2723.99,sweep_results/MCTS[max_iterations=10000]_vs_MinMax[max_depth=4].txt
MCTS,{'max_iterations': 10000},MCTS[max_iterations=10000],MinMax,{'max_depth': 5},MinMax[max_depth=5],50,2,48,0,0.04,0.96,2877.55,sweep_results/MCTS[max_iterations=10000]_vs_MinMax[max_depth=5].txt
MCTS,{'max_iterations': 10000},MCTS[max_iterations=10000],MinMax,{'max_depth': 6},MinMax[max_depth=6],50,3,46,1,0.06,0.92,5098.27,sweep_results/MCTS[max_iterations=10000]_vs_MinMax[max_depth=6].txt
MCTS,{'max_iterations': 10000},MCTS[max_iterations=10000],AlphaBeta,{'max_depth': 1},AlphaBeta[max_depth=1],50,5,45,0,0.1,0.9,2694.7,sweep_results/MCTS[max_iterations=10000]_vs_AlphaBeta[max_depth=1].txt
MCTS,{'max_iterations': 10000},MCTS[max_iterations=10000],AlphaBeta,{'max_depth': 2},AlphaBeta[max_depth=2],50,14,36,0,0.28,0.72,3020.68,sweep_results/MCTS[max_iterations=10000]_vs_AlphaBeta[max_depth=2].txt
MCTS,{'max_iterations': 10000},MCTS[max_iterations=10000],AlphaBeta,{'max_depth': 3},AlphaBeta[max_depth=3],50,4,46,0,0.08,0.92,2737.0,sweep_results/MCTS[max_iterations=10000]_vs_AlphaBeta[max_depth=3].txt
MCTS,{'max_iterations': 10000},MCTS[max_iterations=10000],AlphaBeta,{'max_depth': 4},AlphaBeta[max_depth=4],50,0,50,0,0.0,1.0,2552.33,sweep_results/MCTS[max_iterations=10000]_vs_AlphaBeta[max_depth=4].txt
MCTS,{'max_iterations': 10000},MCTS[max_iterations=10000],AlphaBeta,{'max_depth': 5},AlphaBeta[max_depth=5],50,0,50,0,0.0,1.0,2521.0,sweep_results/MCTS[max_iterations=10000]_vs_AlphaBeta[max_depth=5].txt
MCTS,{'max_iterations': 10000},MCTS[max_iterations=10000],AlphaBeta,{'max_depth': 6},AlphaBeta[max_depth=6],50,5,45,0,0.1,0.9,3271.45,sweep_results/MCTS[max_iterations=10000]_vs_AlphaBeta[max_depth=6].txt
MCTS,{'max_iterations': 10000},MCTS[max_iterations=10000],MCTS,{'max_iterations': 5000},MCTS[max_iterations=5000],50,20,27,3,0.4,0.54,5325.53,sweep_results/MCTS[max_iterations=10000]_vs_MCTS[max_iterations=5000].txt
MCTS,{'max_iterations': 10000},MCTS[max_iterations=10000],MCTS,{'max_iterations': 10000},MCTS[max_iterations=10000],50,31,18,1,0.62,0.36,6578.96,sweep_results/MCTS[max_iterations=10000]_vs_MCTS[max_iterations=10000].txt
MCTS,{'max_iterations': 10000},MCTS[max_iterations=10000],MCTS,{'max_iterations': 15000},MCTS[max_iterations=15000],50,22,27,1,0.44,0.54,7614.42,sweep_results/MCTS[max_iterations=10000]_vs_MCTS[max_iterations=15000].txt
MCTS,{'max_iterations': 10000},MCTS[max_iterations=10000],MCTS,{'max_iterations': 20000},MCTS[max_iterations=20000],50,17,27,6,0.34,0.54,8999.33,sweep_results/MCTS[max_iterations=10000]_vs_MCTS[max_iterations=20000].txt
MCTS,{'max_iterations': 10000},MCTS[max_iterations=10000],DQN,{'model_path': 'checkpoints/dqn_final.pth'},DQN[model_path=checkpoints/dqn_final.pth],50,49,1,0,0.98,0.02,1860.1,sweep_results/MCTS[max_iterations=10000]_vs_DQN[model_path=checkpoints-dqn_final.pth].txt
MCTS,{'max_iterations': 15000},MCTS[max_iterations=15000],Random,{},Random,50,47,3,0,0.94,0.06,3300.95,sweep_results/MCTS[max_iterations=15000]_vs_Random.txt
MCTS,{'max_iterations': 15000},MCTS[max_iterations=15000],RuleBased,{},RuleBased,50,14,33,3,0.28,0.66,4415.88,sweep_results/MCTS[max_iterations=15000]_vs_RuleBased.txt
MCTS,{'max_iterations': 15000},MCTS[max_iterations=15000],MinMax,{'max_depth': 1},MinMax[max_depth=1],50,6,44,0,0.12,0.88,3643.43,sweep_results/MCTS[max_iterations=15000]_vs_MinMax[max_depth=1].txt
MCTS,{'max_iterations': 15000},MCTS[max_iterations=15000],MinMax,{'max_depth': 2},MinMax[max_depth=2],50,16,32,2,0.32,0.64,4331.91,sweep_results/MCTS[max_iterations=15000]_vs_MinMax[max_depth=2].txt
MCTS,{'max_iterations': 15000},MCTS[max_iterations=15000],MinMax,{'max_depth': 3},MinMax[max_depth=3],50,6,44,0,0.12,0.88,3875.59,sweep_results/MCTS[max_iterations=15000]_vs_MinMax[max_depth=3].txt
MCTS,{'max_iterations': 15000},MCTS[max_iterations=15000],MinMax,{'max_depth': 4},MinMax[max_depth=4],50,1,49,0,0.02,0.98,3705.12,sweep_results/MCTS[max_iterations=15000]_vs_MinMax[max_depth=4].txt
MCTS,{'max_iterations': 15000},MCTS[max_iterations=15000],MinMax,{'max_depth': 5},MinMax[max_depth=5],50,0,50,0,0.0,1.0,3721.76,sweep_results/MCTS[max_iterations=15000]_vs_MinMax[max_depth=5].txt
MCTS,{'max_iterations': 15000},MCTS[max_iterations=15000],MinMax,{'max_depth': 6},MinMax[max_depth=6],50,3,46,1,0.06,0.92,5984.84,sweep_results/MCTS[max_iterations=15000]_vs_MinMax[max_depth=6].txt
MCTS,{'max_iterations': 15000},MCTS[max_iterations=15000],AlphaBeta,{'max_depth': 1},AlphaBeta[max_depth=1],50,5,45,0,0.1,0.9,3744.24,sweep_results/MCTS[max_iterations=15000]_vs_AlphaBeta[max_depth=1].txt
MCTS,{'max_iterations': 15000},MCTS[max_iterations=15000],AlphaBeta,{'max_depth': 2},AlphaBeta[max_depth=2],50,13,37,0,0.26,0.74,4395.89,sweep_results/MCTS[max_iterations=15000]_vs_AlphaBeta[max_depth=2].txt
MCTS,{'max_iterations': 15000},MCTS[max_iterations=15000],AlphaBeta,{'max_depth': 3},AlphaBeta[max_depth=3],50,12,38,0,0.24,0.76,3894.06,sweep_results/MCTS[max_iterations=15000]_vs_AlphaBeta[max_depth=3].txt
MCTS,{'max_iterations': 15000},MCTS[max_iterations=15000],AlphaBeta,{'max_depth': 4},AlphaBeta[max_depth=4],50,1,49,0,0.02,0.98,3411.29,sweep_results/MCTS[max_iterations=15000]_vs_AlphaBeta[max_depth=4].txt
MCTS,{'max_iterations': 15000},MCTS[max_iterations=15000],AlphaBeta,{'max_depth': 5},AlphaBeta[max_depth=5],50,1,49,0,0.02,0.98,3392.36,sweep_results/MCTS[max_iterations=15000]_vs_AlphaBeta[max_depth=5].txt
MCTS,{'max_iterations': 15000},MCTS[max_iterations=15000],AlphaBeta,{'max_depth': 6},AlphaBeta[max_depth=6],50,4,46,0,0.08,0.92,4285.95,sweep_results/MCTS[max_iterations=15000]_vs_AlphaBeta[max_depth=6].txt
MCTS,{'max_iterations': 15000},MCTS[max_iterations=15000],MCTS,{'max_iterations': 5000},MCTS[max_iterations=5000],50,25,21,4,0.5,0.42,6443.91,sweep_results/MCTS[max_iterations=15000]_vs_MCTS[max_iterations=5000].txt
MCTS,{'max_iterations': 15000},MCTS[max_iterations=15000],MCTS,{'max_iterations': 10000},MCTS[max_iterations=10000],50,22,25,3,0.44,0.5,7666.46,sweep_results/MCTS[max_iterations=15000]_vs_MCTS[max_iterations=10000].txt
MCTS,{'max_iterations': 15000},MCTS[max_iterations=15000],MCTS,{'max_iterations': 15000},MCTS[max_iterations=15000],50,27,20,3,0.54,0.4,8976.84,sweep_results/MCTS[max_iterations=15000]_vs_MCTS[max_iterations=15000].txt
MCTS,{'max_iterations': 15000},MCTS[max_iterations=15000],MCTS,{'max_iterations': 20000},MCTS[max_iterations=20000],50,27,22,1,0.54,0.44,9662.82,sweep_results/MCTS[max_iterations=15000]_vs_MCTS[max_iterations=20000].txt
MCTS,{'max_iterations': 15000},MCTS[max_iterations=15000],DQN,{'model_path': 'checkpoints/dqn_final.pth'},DQN[model_path=checkpoints/dqn_final.pth],50,48,2,0,0.96,0.04,2664.82,sweep_results/MCTS[max_iterations=15000]_vs_DQN[model_path=checkpoints-dqn_final.pth].txt
MCTS,{'max_iterations': 20000},MCTS[max_iterations=20000],Random,{},Random,50,49,1,0,0.98,0.02,3954.55,sweep_results/MCTS[max_iterations=20000]_vs_Random.txt
MCTS,{'max_iterations': 20000},MCTS[max_iterations=20000],RuleBased,{},RuleBased,50,7,39,4,0.14,0.78,5820.75,sweep_results/MCTS[max_iterations=20000]_vs_RuleBased.txt
MCTS,{'max_iterations': 20000},MCTS[max_iterations=20000],MinMax,{'max_depth': 1},MinMax[max_depth=1],50,6,44,0,0.12,0.88,4642.09,sweep_results/MCTS[max_iterations=20000]_vs_MinMax[max_depth=1].txt
MCTS,{'max_iterations': 20000},MCTS[max_iterations=20000],MinMax,{'max_depth': 2},MinMax[max_depth=2],50,20,30,0,0.4,0.6,5550.98,sweep_results/MCTS[max_iterations=20000]_vs_MinMax[max_depth=2].txt
MCTS,{'max_iterations': 20000},MCTS[max_iterations=20000],MinMax,{'max_depth': 3},MinMax[max_depth=3],50,7,43,0,0.14,0.86,4926.89,sweep_results/MCTS[max_iterations=20000]_vs_MinMax[max_depth=3].txt
MCTS,{'max_iterations': 20000},MCTS[max_iterations=20000],MinMax,{'max_depth': 4},MinMax[max_depth=4],50,1,49,0,0.02,0.98,4562.04,sweep_results/MCTS[max_iterations=20000]_vs_MinMax[max_depth=4].txt
MCTS,{'max_iterations': 20000},MCTS[max_iterations=20000],MinMax,{'max_depth': 5},MinMax[max_depth=5],50,1,49,0,0.02,0.98,4400.72,sweep_results/MCTS[max_iterations=20000]_vs_MinMax[max_depth=5].txt
MCTS,{'max_iterations': 20000},MCTS[max_iterations=20000],MinMax,{'max_depth': 6},MinMax[max_depth=6],50,2,47,1,0.04,0.94,6969.86,sweep_results/MCTS[max_iterations=20000]_vs_MinMax[max_depth=6].txt
MCTS,{'max_iterations': 20000},MCTS[max_iterations=20000],AlphaBeta,{'max_depth': 1},AlphaBeta[max_depth=1],50,7,43,0,0.14,0.86,4753.73,sweep_results/MCTS[max_iterations=20000]_vs_AlphaBeta[max_depth=1].txt
MCTS,{'max_iterations': 20000},MCTS[max_iterations=20000],AlphaBeta,{'max_depth': 2},AlphaBeta[max_depth=2],50,11,39,0,0.22,0.78,5354.03,sweep_results/MCTS[max_iterations=20000]_vs_AlphaBeta[max_depth=2].txt
MCTS,{'max_iterations': 20000},MCTS[max_iterations=20000],AlphaBeta,{'max_depth': 3},AlphaBeta[max_depth=3],50,7,43,0,0.14,0.86,4679.28,sweep_results/MCTS[max_iterations=20000]_vs_AlphaBeta[max_depth=3].txt
MCTS,{'max_iterations': 20000},MCTS[max_iterations=20000],AlphaBeta,{'max_depth': 4},AlphaBeta[max_depth=4],50,2,48,0,0.04,0.96,4300.41,sweep_results/MCTS[max_iterations=20000]_vs_AlphaBeta[max_depth=4].txt
MCTS,{'max_iterations': 20000},MCTS[max_iterations=20000],AlphaBeta,{'max_depth': 5},AlphaBeta[max_depth=5],50,1,49,0,0.02,0.98,4213.79,sweep_results/MCTS[max_iterations=20000]_vs_AlphaBeta[max_depth=5].txt
MCTS,{'max_iterations': 20000},MCTS[max_iterations=20000],AlphaBeta,{'max_depth': 6},AlphaBeta[max_depth=6],50,5,45,0,0.1,0.9,5149.76,sweep_results/MCTS[max_iterations=20000]_vs_AlphaBeta[max_depth=6].txt
MCTS,{'max_iterations': 20000},MCTS[max_iterations=20000],MCTS,{'max_iterations': 5000},MCTS[max_iterations=5000],50,24,24,2,0.48,0.48,7411.34,sweep_results/MCTS[max_iterations=20000]_vs_MCTS[max_iterations=5000].txt
MCTS,{'max_iterations': 20000},MCTS[max_iterations=20000],MCTS,{'max_iterations': 10000},MCTS[max_iterations=10000],50,23,23,4,0.46,0.46,8930.82,sweep_results/MCTS[max_iterations=20000]_vs_MCTS[max_iterations=10000].txt
MCTS,{'max_iterations': 20000},MCTS[max_iterations=20000],MCTS,{'max_iterations': 15000},MCTS[max_iterations=15000],50,24,22,4,0.48,0.44,10229.98,sweep_results/MCTS[max_iterations=20000]_vs_MCTS[max_iterations=15000].txt
MCTS,{'max_iterations': 20000},MCTS[max_iterations=20000],MCTS,{'max_iterations': 20000},MCTS[max_iterations=20000],50,32,16,2,0.64,0.32,11442.56,sweep_results/MCTS[max_iterations=20000]_vs_MCTS[max_iterations=20000].txt
MCTS,{'max_iterations': 20000},MCTS[max_iterations=20000],DQN,{'model_path': 'checkpoints/dqn_final.pth'},DQN[model_path=checkpoints/dqn_final.pth],50,48,2,0,0.96,0.04,3765.51,sweep_results/MCTS[max_iterations=20000]_vs_DQN[model_path=checkpoints-dqn_final.pth].txt
DQN,{'model_path': 'checkpoints/dqn_final.pth'},DQN[model_path=checkpoints/dqn_final.pth],Random,{},Random,50,41,9,0,0.82,0.18,2.16,sweep_results/DQN[model_path=checkpoints-dqn_final.pth]_vs_Random.txt
DQN,{'model_path': 'checkpoints/dqn_final.pth'},DQN[model_path=checkpoints/dqn_final.pth],RuleBased,{},RuleBased,50,0,50,0,0.0,1.0,5.84,sweep_results/DQN[model_path=checkpoints-dqn_final.pth]_vs_RuleBased.txt
DQN,{'model_path': 'checkpoints/dqn_final.pth'},DQN[model_path=checkpoints/dqn_final.pth],MinMax,{'max_depth': 1},MinMax[max_depth=1],50,0,50,0,0.0,1.0,6.6,sweep_results/DQN[model_path=checkpoints-dqn_final.pth]_vs_MinMax[max_depth=1].txt
DQN,{'model_path': 'checkpoints/dqn_final.pth'},DQN[model_path=checkpoints/dqn_final.pth],MinMax,{'max_depth': 2},MinMax[max_depth=2],50,0,50,0,0.0,1.0,11.76,sweep_results/DQN[model_path=checkpoints-dqn_final.pth]_vs_MinMax[max_depth=2].txt
DQN,{'model_path': 'checkpoints/dqn_final.pth'},DQN[model_path=checkpoints/dqn_final.pth],MinMax,{'max_depth': 3},MinMax[max_depth=3],50,0,50,0,0.0,1.0,41.2,sweep_results/DQN[model_path=checkpoints-dqn_final.pth]_vs_MinMax[max_depth=3].txt
DQN,{'model_path': 'checkpoints/dqn_final.pth'},DQN[model_path=checkpoints/dqn_final.pth],MinMax,{'max_depth': 4},MinMax[max_depth=4],50,0,50,0,0.0,1.0,166.04,sweep_results/DQN[model_path=checkpoints-dqn_final.pth]_vs_MinMax[max_depth=4].txt
DQN,{'model_path': 'checkpoints/dqn_final.pth'},DQN[model_path=checkpoints/dqn_final.pth],MinMax,{'max_depth': 5},MinMax[max_depth=5],50,0,50,0,0.0,1.0,601.54,sweep_results/DQN[model_path=checkpoints-dqn_final.pth]_vs_MinMax[max_depth=5].txt
DQN,{'model_path': 'checkpoints/dqn_final.pth'},DQN[model_path=checkpoints/dqn_final.pth],MinMax,{'max_depth': 6},MinMax[max_depth=6],50,0,50,0,0.0,1.0,2130.4,sweep_results/DQN[model_path=checkpoints-dqn_final.pth]_vs_MinMax[max_depth=6].txt
DQN,{'model_path': 'checkpoints/dqn_final.pth'},DQN[model_path=checkpoints/dqn_final.pth],AlphaBeta,{'max_depth': 1},AlphaBeta[max_depth=1],50,0,50,0,0.0,1.0,6.52,sweep_results/DQN[model_path=checkpoints-dqn_final.pth]_vs_AlphaBeta[max_depth=1].txt
DQN,{'model_path': 'checkpoints/dqn_final.pth'},DQN[model_path=checkpoints/dqn_final.pth],AlphaBeta,{'max_depth': 2},AlphaBeta[max_depth=2],50,0,50,0,0.0,1.0,12.9,sweep_results/DQN[model_path=checkpoints-dqn_final.pth]_vs_AlphaBeta[max_depth=2].txt
DQN,{'model_path': 'checkpoints/dqn_final.pth'},DQN[model_path=checkpoints/dqn_final.pth],AlphaBeta,{'max_depth': 3},AlphaBeta[max_depth=3],50,0,50,0,0.0,1.0,14.4,sweep_results/DQN[model_path=checkpoints-dqn_final.pth]_vs_AlphaBeta[max_depth=3].txt
DQN,{'model_path': 'checkpoints/dqn_final.pth'},DQN[model_path=checkpoints/dqn_final.pth],AlphaBeta,{'max_depth': 4},AlphaBeta[max_depth=4],50,0,50,0,0.0,1.0,40.13,sweep_results/DQN[model_path=checkpoints-dqn_final.pth]_vs_AlphaBeta[max_depth=4].txt
DQN,{'model_path': 'checkpoints/dqn_final.pth'},DQN[model_path=checkpoints/dqn_final.pth],AlphaBeta,{'max_depth': 5},AlphaBeta[max_depth=5],50,0,50,0,0.0,1.0,89.84,sweep_results/DQN[model_path=checkpoints-dqn_final.pth]_vs_AlphaBeta[max_depth=5].txt
DQN,{'model_path': 'checkpoints/dqn_final.pth'},DQN[model_path=checkpoints/dqn_final.pth],AlphaBeta,{'max_depth': 6},AlphaBeta[max_depth=6],50,0,50,0,0.0,1.0,256.79,sweep_results/DQN[model_path=checkpoints-dqn_final.pth]_vs_AlphaBeta[max_depth=6].txt
DQN,{'model_path': 'checkpoints/dqn_final.pth'},DQN[model_path=checkpoints/dqn_final.pth],MCTS,{'max_iterations': 5000},MCTS[max_iterations=5000],50,4,46,0,0.08,0.92,1821.29,sweep_results/DQN[model_path=checkpoints-dqn_final.pth]_vs_MCTS[max_iterations=5000].txt
DQN,{'model_path': 'checkpoints/dqn_final.pth'},DQN[model_path=checkpoints/dqn_final.pth],MCTS,{'max_iterations': 10000},MCTS[max_iterations=10000],50,7,43,0,0.14,0.86,3008.36,sweep_results/DQN[model_path=checkpoints-dqn_final.pth]_vs_MCTS[max_iterations=10000].txt
DQN,{'model_path': 'checkpoints/dqn_final.pth'},DQN[model_path=checkpoints/dqn_final.pth],MCTS,{'max_iterations': 15000},MCTS[max_iterations=15000],50,3,47,0,0.06,0.94,4232.48,sweep_results/DQN[model_path=checkpoints-dqn_final.pth]_vs_MCTS[max_iterations=15000].txt
DQN,{'model_path': 'checkpoints/dqn_final.pth'},DQN[model_path=checkpoints/dqn_final.pth],MCTS,{'max_iterations': 20000},MCTS[max_iterations=20000],50,5,45,0,0.1,0.9,5188.54,sweep_results/DQN[model_path=checkpoints-dqn_final.pth]_vs_MCTS[max_iterations=20000].txt
DQN,{'model_path': 'checkpoints/dqn_final.pth'},DQN[model_path=checkpoints/dqn_final.pth],DQN,{'model_path': 'checkpoints/dqn_final.pth'},DQN[model_path=checkpoints/dqn_final.pth],50,50,0,0,1.0,0.0,2.48,sweep_results/DQN[model_path=checkpoints-dqn_final.pth]_vs_DQN[model_path=checkpoints-dqn_final.pth].txt
